threads,query,samples,median_task_start_delay_ms,median_submit_elapsed_ms,median_msm_elapsed_ms,fallback_count
1,H,5,0.068,0.012,125.477,0
1,L,5,125.367,0.008,81.379,0
1,A_inputs,5,206.747,0.006,1.009,0
1,A_aux,5,207.762,0.007,64.26,0
1,B_G1_inputs,5,272.136,0.006,0.86,0
1,B_G1_aux,5,273.062,326.755,52.5,5
1,B_G2_inputs,5,0.03,0.012,2.309,0
1,B_G2_aux,5,2.417,0.01,149.223,0
2,H,5,0.022,0.01,246.014,0
2,L,5,0.014,0.011,82.212,0
2,A_inputs,5,103.326,0.046,1.079,0
2,A_aux,5,104.249,0.007,64.302,0
2,B_G1_inputs,5,135.838,0.009,0.858,0
2,B_G1_aux,5,136.928,0.006,29.056,0
2,B_G2_inputs,5,163.257,0.006,2.27,0
2,B_G2_aux,5,165.299,0.005,79.116,0
4,H,5,0.021,0.012,137.343,0
4,L,5,0.019,0.009,136.101,0
4,A_inputs,5,0.043,0.037,75.177,0
4,A_aux,5,0.496,0.034,74.385,0
4,B_G1_inputs,5,0.474,0.008,0.942,0
4,B_G1_aux,5,1.467,0.007,57.434,0
4,B_G2_inputs,5,85.695,0.008,44.845,0
4,B_G2_aux,5,88.216,0.007,47.732,0
8,H,5,0.024,0.018,77.014,0
8,L,5,0.031,0.009,74.871,0
8,A_inputs,5,0.06,0.019,74.218,0
8,A_aux,5,0.218,0.012,72.831,0
8,B_G1_inputs,5,0.171,0.009,1.506,0
8,B_G1_aux,5,0.136,0.025,72.478,0
8,B_G2_inputs,5,0.115,0.016,1.672,0
8,B_G2_aux,5,0.102,0.01,75.228,0
20,H,5,0.028,0.025,63.53,0
20,L,5,0.029,0.017,62.068,0
20,A_inputs,5,0.08,0.069,64.222,0
20,A_aux,5,0.063,0.031,62.262,0
20,B_G1_inputs,5,0.118,0.04,60.839,0
20,B_G1_aux,5,0.068,0.014,61.417,0
20,B_G2_inputs,5,0.069,0.013,1.715,0
20,B_G2_aux,5,0.162,0.016,62.184,0
