profile_log,threads,run,prove_ms,msm_call_count,msm_elapsed_sum_ms,msm_share_pct,circuit_synthesis_ms,qap_fft_quotient_ms,post_dispatch_wait_assembly_ms,bucket_fill_sum_ms,bucket_sum_sum_ms,exponent_chunking_sum_ms,bucket_alloc_sum_ms,verified,interpretation
sapling_output_msm_profile_sizes_1threads.log,1,1,558.825,8,482.323,86.31,55.755,19.938,152.905,,,,,true,Lower-overhead call-level timing; later runs used for steady-state descriptive ratio; sequential single-thread calls
sapling_output_msm_profile_sizes_1threads.log,1,2,521.122,8,487.116,93.47,13.204,20.029,154.738,,,,,true,Lower-overhead call-level timing; later runs used for steady-state descriptive ratio; sequential single-thread calls
sapling_output_msm_profile_sizes_1threads.log,1,3,521.944,8,488.044,93.51,13.645,19.501,156.215,,,,,true,Lower-overhead call-level timing; later runs used for steady-state descriptive ratio; sequential single-thread calls
sapling_output_msm_profile_sizes_1threads.log,1,4,522.686,8,487.909,93.35,13.406,20.678,154.515,,,,,true,Lower-overhead call-level timing; later runs used for steady-state descriptive ratio; sequential single-thread calls
sapling_output_msm_profile_sizes_1threads.log,1,5,523.243,8,487.51,93.17,13.911,20.986,159.421,,,,,true,Lower-overhead call-level timing; later runs used for steady-state descriptive ratio; sequential single-thread calls
sapling_output_msm_op_counts_1threads_smoke.log,1,1,569.501,8,490.841,86.19,56.233,21.049,162.581,355.632,122.809,8.753,0.592,true,Independent lower-overhead call timing with operation counters; sequential single-thread calls
sapling_output_msm_op_counts_1threads_smoke.log,1,2,518.202,8,482.062,93.03,13.859,21.505,154.484,349.911,119.994,8.631,0.511,true,Independent lower-overhead call timing with operation counters; sequential single-thread calls
sapling_output_msm_op_counts_1threads_smoke.log,1,3,518.364,8,484.045,93.38,13.327,20.229,154.147,351.185,120.506,8.448,0.545,true,Independent lower-overhead call timing with operation counters; sequential single-thread calls
sapling_output_msm_op_counts_1threads_smoke.log,1,4,523.235,8,488.367,93.34,13.387,20.742,154.662,355.234,121.027,8.572,0.525,true,Independent lower-overhead call timing with operation counters; sequential single-thread calls
sapling_output_msm_op_counts_1threads_smoke.log,1,5,521.142,8,484.805,93.03,14.088,21.543,155.127,351.761,121.071,8.496,0.538,true,Independent lower-overhead call timing with operation counters; sequential single-thread calls
sapling_output_msm_stages_1threads.log,1,1,747.464,8,646.237,86.46,66.73,33.632,189.392,474.176,153.786,13.692,0.698,true,Fine-grained per-chunk instrumentation; absolute prove timings are intrusive and should not be used as formal performance baseline
sapling_output_msm_stages_1threads.log,1,2,742.558,8,701.132,94.42,15.6,25.016,195.804,521.113,164.237,10.935,0.831,true,Fine-grained per-chunk instrumentation; absolute prove timings are intrusive and should not be used as formal performance baseline
sapling_output_msm_stages_1threads.log,1,3,612.418,8,573.722,93.68,14.968,22.887,181.427,419.325,139.658,10.451,0.747,true,Fine-grained per-chunk instrumentation; absolute prove timings are intrusive and should not be used as formal performance baseline
sapling_output_msm_stages_1threads.log,1,4,601.698,8,552.813,91.88,17.884,30.283,160.603,405.81,131.45,11.833,0.666,true,Fine-grained per-chunk instrumentation; absolute prove timings are intrusive and should not be used as formal performance baseline
sapling_output_msm_stages_1threads.log,1,5,581.361,8,547.109,94.11,13.453,20.082,161.751,402.364,131.825,9.171,0.593,true,Fine-grained per-chunk instrumentation; absolute prove timings are intrusive and should not be used as formal performance baseline
sapling_output_msm_profile_20threads.log,20,1,130.646,8,320.612,,54.657,10.965,64.55,,,,,true,Per-call timers overlap under parallelism; msm_share_pct intentionally blank; use wait/assembly only as a stage observation
sapling_output_msm_profile_20threads.log,20,2,93.882,8,338.724,,13.473,11.962,67.893,,,,,true,Per-call timers overlap under parallelism; msm_share_pct intentionally blank; use wait/assembly only as a stage observation
sapling_output_msm_profile_20threads.log,20,3,89.734,8,319.613,,15.009,10.408,63.833,,,,,true,Per-call timers overlap under parallelism; msm_share_pct intentionally blank; use wait/assembly only as a stage observation
sapling_output_msm_profile_20threads.log,20,4,83.97,8,291.384,,13.992,10.96,58.466,,,,,true,Per-call timers overlap under parallelism; msm_share_pct intentionally blank; use wait/assembly only as a stage observation
sapling_output_msm_profile_20threads.log,20,5,86.808,8,482.995,,13.695,10.375,62.159,,,,,true,Per-call timers overlap under parallelism; msm_share_pct intentionally blank; use wait/assembly only as a stage observation
