threads,query,samples,exponent_count,density_map_size,window,median_ms,mean_ms,stddev_ms,min_ms,max_ms
1,H,5,8191,None,10,128.742,128.866,1.201,127.260,130.080
1,L,5,7821,None,9,82.976,82.610,0.854,81.449,83.590
1,A_inputs,5,6,None,3,0.939,0.980,0.092,0.916,1.142
1,A_aux,5,7821,Some(7821),9,64.990,65.040,0.519,64.526,65.893
1,B_G1_inputs,5,6,Some(6),3,0.773,0.781,0.016,0.763,0.799
1,B_G1_aux,5,7821,Some(7821),9,53.157,53.175,0.682,52.606,54.286
1,B_G2_inputs,5,6,Some(6),3,2.254,2.302,0.183,2.160,2.622
1,B_G2_aux,5,7821,Some(7821),9,151.884,152.826,2.508,150.199,156.769
20,H,5,8191,None,10,62.322,61.929,2.619,57.451,64.120
20,L,5,7821,None,9,61.123,60.153,2.265,56.105,61.288
20,A_inputs,5,6,None,3,1.488,13.465,27.179,0.917,62.081
20,A_aux,5,7821,Some(7821),9,61.486,60.360,2.233,57.147,62.656
20,B_G1_inputs,5,6,Some(6),3,1.511,13.464,27.181,0.990,62.084
20,B_G1_aux,5,7821,Some(7821),9,61.678,60.443,3.070,54.982,62.258
20,B_G2_inputs,5,6,Some(6),3,1.725,1.787,0.302,1.387,2.190
20,B_G2_aux,5,7821,Some(7821),9,62.041,61.436,2.734,57.119,64.263
