batch_id,threads,query,samples,exponent_count,density_map_size,window,median_ms,mean_ms,stddev_ms,min_ms,max_ms
1791530120574491800,20,H,5,,,,63.532,62.646,3.281,58.019,66.574
1791530120574491800,20,L,5,,,,62.819,61.784,4.099,56.991,67.362
1791530120574491800,20,A_inputs,5,,,,1.076,13.097,26.896,0.846,61.208
1791530120574491800,20,A_aux,5,,,,60.902,61.513,3.790,57.776,67.217
1791530120574491800,20,B_G1_inputs,5,,,,1.072,13.086,26.837,0.965,61.093
1791530120574491800,20,B_G1_aux,5,,,,63.160,62.408,3.506,57.570,66.920
1791530120574491800,20,B_G2_inputs,5,,,,1.744,13.639,26.862,1.315,61.690
1791530120574491800,20,B_G2_aux,5,,,,63.177,62.493,3.626,57.803,67.240
1791530720153705900,20,H,5,8191,None,10,62.322,61.929,2.619,57.451,64.120
1791530720153705900,20,L,5,7821,None,9,61.123,60.153,2.265,56.105,61.288
1791530720153705900,20,A_inputs,5,6,None,3,1.488,13.465,27.179,0.917,62.081
1791530720153705900,20,A_aux,5,7821,Some(7821),9,61.486,60.360,2.233,57.147,62.656
1791530720153705900,20,B_G1_inputs,5,6,Some(6),3,1.511,13.464,27.181,0.990,62.084
1791530720153705900,20,B_G1_aux,5,7821,Some(7821),9,61.678,60.443,3.070,54.982,62.258
1791530720153705900,20,B_G2_inputs,5,6,Some(6),3,1.725,1.787,0.302,1.387,2.190
1791530720153705900,20,B_G2_aux,5,7821,Some(7821),9,62.041,61.436,2.734,57.119,64.263
