batch_id,threads,query,samples,exponent_count,window,exponent_chunking_ms_median_ms,bucket_alloc_sum_ms_median_ms,bucket_alloc_max_chunk_ms_median_ms,bucket_fill_sum_ms_median_ms,bucket_fill_max_chunk_ms_median_ms,bucket_sum_sum_ms_median_ms,bucket_sum_max_chunk_ms_median_ms,parallel_chunks_wall_ms_median_ms,part_fold_ms_median_ms,inner_elapsed_ms_median_ms,call_elapsed_ms_median_ms
1791532793242413400,1,H,5,8191,10,2.778,0.196,0.043,136.632,8.430,35.157,1.844,,,174.940,175.307
1791532793242413400,1,L,5,7821,9,1.974,0.097,0.022,73.482,3.163,17.156,0.702,,,92.807,93.090
1791532793242413400,1,A_inputs,5,6,3,0.005,0.011,0.001,0.214,0.005,0.777,0.011,,,1.212,1.278
1791532793242413400,1,A_aux,5,7821,9,1.895,0.090,0.031,60.320,2.895,19.328,1.107,,,82.249,82.602
1791532793242413400,1,B_G1_inputs,5,6,3,0.005,0.010,0.001,0.007,0.001,0.698,0.013,,,0.899,0.969
1791532793242413400,1,B_G1_aux,5,7821,9,1.873,0.111,0.022,43.269,1.983,18.228,0.786,,,63.768,64.058
1791532793242413400,1,B_G2_inputs,5,6,3,0.005,0.012,0.001,0.011,0.004,2.130,0.044,,,2.621,2.675
1791532793242413400,1,B_G2_aux,5,7821,9,1.848,0.173,0.047,124.606,5.710,50.842,1.954,,,177.904,178.299
1791533298926442700,20,H,5,8191,10,5.096,0.525,0.099,213.766,10.197,52.697,2.806,54.718,0.292,59.124,60.319
1791533298926442700,20,L,5,7821,9,3.663,0.135,0.035,141.211,6.698,32.680,1.473,54.656,0.288,58.701,59.496
1791533298926442700,20,A_inputs,5,6,3,0.007,0.039,0.007,0.460,0.023,1.439,0.028,0.833,0.328,1.117,1.529
1791533298926442700,20,A_aux,5,7821,9,3.330,0.163,0.045,105.100,4.704,32.055,1.423,54.318,0.267,58.168,59.194
1791533298926442700,20,B_G1_inputs,5,6,3,0.009,0.028,0.009,0.026,0.004,1.367,0.051,0.779,0.327,1.117,1.405
1791533298926442700,20,B_G1_aux,5,7821,9,3.194,0.180,0.078,83.784,4.118,34.975,1.454,55.331,0.156,58.048,59.105
1791533298926442700,20,B_G2_inputs,5,6,3,0.009,0.052,0.008,0.030,0.007,4.024,0.184,0.755,0.867,1.633,1.903
1791533298926442700,20,B_G2_aux,5,7821,9,3.017,0.604,0.093,216.174,11.275,90.889,4.200,55.947,0.796,59.198,60.028
