batch_id,run,stage,elapsed_ms,threads,build_profile
1791530120574491800,1,circuit_synthesis,54.657,20,release
1791530120574491800,1,qap_fft_quotient,10.965,20,release
1791530120574491800,1,h_msm_submit,0.016,20,release
1791530120574491800,1,assignment_conversion,0.297,20,release
1791530120574491800,1,msm_setup_submit,0.344,20,release
1791530120574491800,1,post_dispatch_wait_assembly,64.55,20,release
1791530120574491800,2,circuit_synthesis,13.473,20,release
1791530120574491800,2,qap_fft_quotient,11.962,20,release
1791530120574491800,2,h_msm_submit,0.006,20,release
1791530120574491800,2,assignment_conversion,0.396,20,release
1791530120574491800,2,msm_setup_submit,0.446,20,release
1791530120574491800,2,post_dispatch_wait_assembly,67.893,20,release
1791530120574491800,3,circuit_synthesis,15.009,20,release
1791530120574491800,3,qap_fft_quotient,10.408,20,release
1791530120574491800,3,h_msm_submit,0.004,20,release
1791530120574491800,3,assignment_conversion,0.336,20,release
1791530120574491800,3,msm_setup_submit,0.369,20,release
1791530120574491800,3,post_dispatch_wait_assembly,63.833,20,release
1791530120574491800,4,circuit_synthesis,13.992,20,release
1791530120574491800,4,qap_fft_quotient,10.96,20,release
1791530120574491800,4,h_msm_submit,0.005,20,release
1791530120574491800,4,assignment_conversion,0.393,20,release
1791530120574491800,4,msm_setup_submit,0.451,20,release
1791530120574491800,4,post_dispatch_wait_assembly,58.466,20,release
1791530120574491800,5,circuit_synthesis,13.695,20,release
1791530120574491800,5,qap_fft_quotient,10.375,20,release
1791530120574491800,5,h_msm_submit,0.009,20,release
1791530120574491800,5,assignment_conversion,0.403,20,release
1791530120574491800,5,msm_setup_submit,0.454,20,release
1791530120574491800,5,post_dispatch_wait_assembly,62.159,20,release
1791530720153705900,1,circuit_synthesis,70.22,20,release
1791530720153705900,1,qap_fft_quotient,11.828,20,release
1791530720153705900,1,h_msm_submit,0.026,20,release
1791530720153705900,1,assignment_conversion,0.311,20,release
1791530720153705900,1,msm_setup_submit,0.345,20,release
1791530720153705900,1,post_dispatch_wait_assembly,64.724,20,release
1791530720153705900,2,circuit_synthesis,15.104,20,release
1791530720153705900,2,qap_fft_quotient,10.652,20,release
1791530720153705900,2,h_msm_submit,0.013,20,release
1791530720153705900,2,assignment_conversion,0.355,20,release
1791530720153705900,2,msm_setup_submit,0.419,20,release
1791530720153705900,2,post_dispatch_wait_assembly,62.971,20,release
1791530720153705900,3,circuit_synthesis,16.902,20,release
1791530720153705900,3,qap_fft_quotient,10.562,20,release
1791530720153705900,3,h_msm_submit,0.01,20,release
1791530720153705900,3,assignment_conversion,0.369,20,release
1791530720153705900,3,msm_setup_submit,0.42,20,release
1791530720153705900,3,post_dispatch_wait_assembly,62.482,20,release
1791530720153705900,4,circuit_synthesis,14.939,20,release
1791530720153705900,4,qap_fft_quotient,11.106,20,release
1791530720153705900,4,h_msm_submit,0.011,20,release
1791530720153705900,4,assignment_conversion,0.361,20,release
1791530720153705900,4,msm_setup_submit,0.463,20,release
1791530720153705900,4,post_dispatch_wait_assembly,57.917,20,release
1791530720153705900,5,circuit_synthesis,14.625,20,release
1791530720153705900,5,qap_fft_quotient,10.971,20,release
1791530720153705900,5,h_msm_submit,0.006,20,release
1791530720153705900,5,assignment_conversion,0.395,20,release
1791530720153705900,5,msm_setup_submit,0.43,20,release
1791530720153705900,5,post_dispatch_wait_assembly,63.468,20,release
