batch_id,run,call_id,query,exponent_count,density_map_size,window,elapsed_ms,threads,build_profile
1791530120574491800,1,5,B_G1_inputs,,,,1.234,20,release
1791530120574491800,1,3,A_inputs,,,,1.484,20,release
1791530120574491800,1,7,B_G2_inputs,,,,1.87,20,release
1791530120574491800,1,4,A_aux,,,,60.902,20,release
1791530120574491800,1,2,L,,,,63.152,20,release
1791530120574491800,1,6,B_G1_aux,,,,63.736,20,release
1791530120574491800,1,1,H,,,,64.198,20,release
1791530120574491800,1,8,B_G2_aux,,,,64.036,20,release
1791530120574491800,2,11,A_inputs,,,,0.869,20,release
1791530120574491800,2,13,B_G1_inputs,,,,0.965,20,release
1791530120574491800,2,15,B_G2_inputs,,,,1.577,20,release
1791530120574491800,2,9,H,,,,66.574,20,release
1791530120574491800,2,14,B_G1_aux,,,,66.92,20,release
1791530120574491800,2,12,A_aux,,,,67.217,20,release
1791530120574491800,2,16,B_G2_aux,,,,67.24,20,release
1791530120574491800,2,10,L,,,,67.362,20,release
1791530120574491800,3,21,B_G1_inputs,,,,1.072,20,release
1791530120574491800,3,19,A_inputs,,,,1.076,20,release
1791530120574491800,3,23,B_G2_inputs,,,,1.744,20,release
1791530120574491800,3,18,L,,,,62.819,20,release
1791530120574491800,3,20,A_aux,,,,63.033,20,release
1791530120574491800,3,17,H,,,,63.532,20,release
1791530120574491800,3,22,B_G1_aux,,,,63.16,20,release
1791530120574491800,3,24,B_G2_aux,,,,63.177,20,release
1791530120574491800,4,27,A_inputs,,,,0.846,20,release
1791530120574491800,4,29,B_G1_inputs,,,,1.064,20,release
1791530120574491800,4,31,B_G2_inputs,,,,1.315,20,release
1791530120574491800,4,26,L,,,,56.991,20,release
1791530120574491800,4,25,H,,,,58.019,20,release
1791530120574491800,4,30,B_G1_aux,,,,57.57,20,release
1791530120574491800,4,28,A_aux,,,,57.776,20,release
1791530120574491800,4,32,B_G2_aux,,,,57.803,20,release
1791530120574491800,5,34,L,,,,58.596,20,release
1791530120574491800,5,36,A_aux,,,,58.637,20,release
1791530120574491800,5,33,H,,,,60.907,20,release
1791530120574491800,5,40,B_G2_aux,,,,60.211,20,release
1791530120574491800,5,38,B_G1_aux,,,,60.653,20,release
1791530120574491800,5,37,B_G1_inputs,,,,61.093,20,release
1791530120574491800,5,35,A_inputs,,,,61.208,20,release
1791530120574491800,5,39,B_G2_inputs,,,,61.69,20,release
1791530720153705900,1,3,A_inputs,6,None,3,1.488,20,release
1791530720153705900,1,5,B_G1_inputs,6,Some(6),3,1.71,20,release
1791530720153705900,1,7,B_G2_inputs,6,Some(6),3,2.19,20,release
1791530720153705900,1,2,L,7821,None,9,61.123,20,release
1791530720153705900,1,4,A_aux,7821,Some(7821),9,61.493,20,release
1791530720153705900,1,6,B_G1_aux,7821,Some(7821),9,61.925,20,release
1791530720153705900,1,1,H,8191,None,10,64.12,20,release
1791530720153705900,1,8,B_G2_aux,7821,Some(7821),9,64.263,20,release
1791530720153705900,2,15,B_G2_inputs,6,Some(6),3,1.682,20,release
1791530720153705900,2,16,B_G2_aux,7821,Some(7821),9,60.76,20,release
1791530720153705900,2,10,L,7821,None,9,61.288,20,release
1791530720153705900,2,12,A_aux,7821,Some(7821),9,61.486,20,release
1791530720153705900,2,14,B_G1_aux,7821,Some(7821),9,61.373,20,release
1791530720153705900,2,9,H,8191,None,10,62.31,20,release
1791530720153705900,2,11,A_inputs,6,None,3,62.081,20,release
1791530720153705900,2,13,B_G1_inputs,6,Some(6),3,62.084,20,release
1791530720153705900,3,21,B_G1_inputs,6,Some(6),3,1.511,20,release
1791530720153705900,3,19,A_inputs,6,None,3,1.649,20,release
1791530720153705900,3,23,B_G2_inputs,6,Some(6),3,1.953,20,release
1791530720153705900,3,20,A_aux,7821,Some(7821),9,59.017,20,release
1791530720153705900,3,18,L,7821,None,9,61.036,20,release
1791530720153705900,3,22,B_G1_aux,7821,Some(7821),9,61.678,20,release
1791530720153705900,3,17,H,8191,None,10,62.322,20,release
1791530720153705900,3,24,B_G2_aux,7821,Some(7821),9,62.041,20,release
1791530720153705900,4,27,A_inputs,6,None,3,0.917,20,release
1791530720153705900,4,29,B_G1_inputs,6,Some(6),3,1.023,20,release
1791530720153705900,4,31,B_G2_inputs,6,Some(6),3,1.387,20,release
1791530720153705900,4,30,B_G1_aux,7821,Some(7821),9,54.982,20,release
1791530720153705900,4,26,L,7821,None,9,56.105,20,release
1791530720153705900,4,25,H,8191,None,10,57.451,20,release
1791530720153705900,4,32,B_G2_aux,7821,Some(7821),9,57.119,20,release
1791530720153705900,4,28,A_aux,7821,Some(7821),9,57.147,20,release
1791530720153705900,5,37,B_G1_inputs,6,Some(6),3,0.99,20,release
1791530720153705900,5,35,A_inputs,6,None,3,1.19,20,release
1791530720153705900,5,39,B_G2_inputs,6,Some(6),3,1.725,20,release
1791530720153705900,5,34,L,7821,None,9,61.211,20,release
1791530720153705900,5,38,B_G1_aux,7821,Some(7821),9,62.258,20,release
1791530720153705900,5,36,A_aux,7821,Some(7821),9,62.656,20,release
1791530720153705900,5,33,H,8191,None,10,63.441,20,release
1791530720153705900,5,40,B_G2_aux,7821,Some(7821),9,62.999,20,release
