batch_id,run,params_read_validate_ms,prepare_vk_ms,input_prep_ms,prove_ms,verify_ms,proof_bytes,verified,rayon_threads,build_profile
1791613854129,1,23967.432,0.922,13.384,3484.750,2.775,192,true,1,release
1791613854129,2,23967.432,0.922,13.384,3385.716,2.786,192,true,1,release
1791613854129,3,23967.432,0.922,13.384,3381.414,2.797,192,true,1,release
1791613854129,4,23967.432,0.922,13.384,3399.411,2.790,192,true,1,release
1791613854129,5,23967.432,0.922,13.384,3377.138,2.796,192,true,1,release
1791615270097,1,24301.627,1.759,24.396,5630.338,2.884,192,true,1,release
1791615270097,2,24301.627,1.759,24.396,7088.871,7.254,192,true,1,release
1791615270097,3,24301.627,1.759,24.396,5981.560,5.289,192,true,1,release
1791615270097,4,24301.627,1.759,24.396,7136.841,7.116,192,true,1,release
1791615270097,5,24301.627,1.759,24.396,5492.100,2.857,192,true,1,release
1791617293024,1,24129.952,1.031,13.146,3440.960,3.461,192,true,1,release
1791617293024,2,24129.952,1.031,13.146,3400.592,2.840,192,true,1,release
1791617293024,3,24129.952,1.031,13.146,3413.626,2.927,192,true,1,release
1791617293024,4,24129.952,1.031,13.146,3418.918,2.826,192,true,1,release
1791617293024,5,24129.952,1.031,13.146,3410.380,2.773,192,true,1,release
1791617339181,1,23973.112,1.075,13.306,3446.241,2.808,192,true,1,release
1791617339181,2,23973.112,1.075,13.306,3407.021,2.843,192,true,1,release
1791617339181,3,23973.112,1.075,13.306,3398.154,2.791,192,true,1,release
1791617339181,4,23973.112,1.075,13.306,3412.942,2.843,192,true,1,release
1791617339181,5,23973.112,1.075,13.306,3406.685,2.786,192,true,1,release
1791617385288,1,23982.103,1.103,13.295,3446.118,2.796,192,true,1,release
1791617385288,2,23982.103,1.103,13.295,3391.668,2.766,192,true,1,release
1791617385288,3,23982.103,1.103,13.295,3401.391,2.839,192,true,1,release
1791617385288,4,23982.103,1.103,13.295,3433.025,2.849,192,true,1,release
1791617385288,5,23982.103,1.103,13.295,3396.677,2.840,192,true,1,release
1791619041368,1,39784.304,1.796,18.123,7892.131,9.287,192,true,1,release
1791619041368,2,39784.304,1.796,18.123,7999.040,5.446,192,true,1,release
1791619041368,3,39784.304,1.796,18.123,8548.758,5.388,192,true,1,release
1791619041368,4,39784.304,1.796,18.123,8009.715,6.696,192,true,1,release
1791619041368,5,39784.304,1.796,18.123,5308.107,5.362,192,true,1,release
1791619135309,1,50209.204,3.797,32.950,7984.472,5.558,192,true,1,release
1791619135309,2,50209.204,3.797,32.950,8142.449,5.254,192,true,1,release
1791619135309,3,50209.204,3.797,32.950,7968.671,5.319,192,true,1,release
1791619135309,4,50209.204,3.797,32.950,7812.710,5.453,192,true,1,release
1791619135309,5,50209.204,3.797,32.950,7758.007,5.327,192,true,1,release
1791619229133,1,48629.345,0.992,44.980,8559.108,5.420,192,true,1,release
1791619229133,2,48629.345,0.992,44.980,7657.978,5.488,192,true,1,release
1791619229133,3,48629.345,0.992,44.980,6924.221,6.603,192,true,1,release
1791619229133,4,48629.345,0.992,44.980,7125.391,5.577,192,true,1,release
1791619229133,5,48629.345,0.992,44.980,7014.059,5.232,192,true,1,release
1791621656573,1,37068.570,1.737,26.552,5707.660,2.795,192,true,1,release
1791621656573,2,37068.570,1.737,26.552,3447.166,3.015,192,true,1,release
1791621656573,3,37068.570,1.737,26.552,3455.299,2.788,192,true,1,release
1791621656573,4,37068.570,1.737,26.552,3417.547,2.864,192,true,1,release
1791621656573,5,37068.570,1.737,26.552,3441.379,2.765,192,true,1,release
1791632685376,1,46032.394,1.706,26.843,7986.723,5.784,192,true,1,release
1791632685376,2,46032.394,1.706,26.843,7934.274,5.902,192,true,1,release
1791632685376,3,46032.394,1.706,26.843,7897.502,5.675,192,true,1,release
1791632685376,4,46032.394,1.706,26.843,5241.174,2.861,192,true,1,release
1791632685376,5,46032.394,1.706,26.843,4499.504,6.866,192,true,1,release
1791633287430,1,43468.980,3.383,26.482,6360.319,2.981,192,true,1,release
1791633287430,2,43468.980,3.383,26.482,3465.101,2.995,192,true,1,release
1791633287430,3,43468.980,3.383,26.482,3460.746,2.786,192,true,1,release
1791633287430,4,43468.980,3.383,26.482,3449.093,2.858,192,true,1,release
1791633287430,5,43468.980,3.383,26.482,4506.356,7.022,192,true,1,release
1791634015130,1,43549.535,1.992,31.236,8020.464,5.281,192,true,1,release
1791634015130,2,43549.535,1.992,31.236,7996.506,5.540,192,true,1,release
1791634015130,3,43549.535,1.992,31.236,8176.483,7.698,192,true,1,release
1791634015130,4,43549.535,1.992,31.236,8320.273,10.687,192,true,1,release
1791634015130,5,43549.535,1.992,31.236,7896.238,8.143,192,true,1,release
1791634566417,1,44699.836,1.784,27.998,3814.466,8.169,192,true,2,release
1791634566417,2,44699.836,1.784,27.998,3741.201,5.442,192,true,2,release
1791634566417,3,44699.836,1.784,27.998,3651.495,7.098,192,true,2,release
1791634566417,4,44699.836,1.784,27.998,3624.507,6.175,192,true,2,release
1791634566417,5,44699.836,1.784,27.998,3650.945,7.987,192,true,2,release
1791634631946,1,46803.594,1.058,14.588,1086.062,2.882,192,true,4,release
1791634631946,2,46803.594,1.058,14.588,1010.316,3.017,192,true,4,release
1791634631946,3,46803.594,1.058,14.588,1082.720,2.900,192,true,4,release
1791634631946,4,46803.594,1.058,14.588,1003.289,3.065,192,true,4,release
1791634631946,5,46803.594,1.058,14.588,1029.796,2.835,192,true,4,release
1791634682281,1,44938.702,0.983,13.661,804.906,3.364,192,true,8,release
1791634682281,2,44938.702,0.983,13.661,702.629,2.997,192,true,8,release
1791634682281,3,44938.702,0.983,13.661,673.952,2.915,192,true,8,release
1791634682281,4,44938.702,0.983,13.661,683.375,3.035,192,true,8,release
1791634682281,5,44938.702,0.983,13.661,687.381,3.125,192,true,8,release
1791634733519,1,47479.287,2.964,31.430,1063.499,5.516,192,true,20,release
1791634733519,2,47479.287,2.964,31.430,908.615,5.934,192,true,20,release
1791634733519,3,47479.287,2.964,31.430,943.024,6.483,192,true,20,release
1791634733519,4,47479.287,2.964,31.430,923.077,5.873,192,true,20,release
1791634733519,5,47479.287,2.964,31.430,985.529,5.311,192,true,20,release
