threads,run,query,call_id,exponent_count,window,submit_elapsed_ms,task_start_delay_ms,msm_elapsed_ms,sync_fallback
1,1,H,1,8191,10,0.019,0.068,127.297,False
1,1,L,2,7821,9,0.006,127.161,82.631,False
1,1,A_inputs,3,6,3,0.006,209.815,1.003,False
1,1,A_aux,4,7821,9,0.006,210.828,65.039,False
1,1,B_G1_inputs,5,6,3,0.006,275.889,0.856,False
1,1,B_G1_aux,6,7821,9,329.348,276.763,52.5,True
1,1,B_G2_inputs,7,6,3,0.012,0.079,2.368,False
1,1,B_G2_aux,8,7821,9,0.009,2.471,152.326,False
1,2,H,9,8191,10,0.014,0.07,127.142,False
1,2,L,10,7821,9,0.012,127.012,82.258,False
1,2,A_inputs,11,6,3,0.007,209.252,1.046,False
1,2,A_aux,12,7821,9,0.016,210.313,64.26,False
1,2,B_G1_inputs,13,6,3,0.006,274.58,0.963,False
1,2,B_G1_aux,14,7821,9,339.479,275.603,63.775,True
1,2,B_G2_inputs,15,6,3,0.015,0.02,2.309,False
1,2,B_G2_aux,16,7821,9,0.022,2.341,149.199,False
1,3,H,17,8191,10,0.009,0.07,125.477,False
1,3,L,18,7821,9,0.006,125.367,81.314,False
1,3,A_inputs,19,6,3,0.005,206.747,1.0,False
1,3,A_aux,20,7821,9,0.007,207.762,64.355,False
1,3,B_G1_inputs,21,6,3,0.005,272.136,0.915,False
1,3,B_G1_aux,22,7821,9,326.755,273.062,53.634,True
1,3,B_G2_inputs,23,6,3,0.012,0.064,2.291,False
1,3,B_G2_aux,24,7821,9,0.01,2.417,149.486,False
1,4,H,25,8191,10,0.012,0.016,124.549,False
1,4,L,26,7821,9,0.008,124.262,80.869,False
1,4,A_inputs,27,6,3,0.006,205.213,1.009,False
1,4,A_aux,28,7821,9,0.007,206.222,63.589,False
1,4,B_G1_inputs,29,6,3,0.009,269.834,0.851,False
1,4,B_G1_aux,30,7821,9,323.271,270.725,52.499,True
1,4,B_G2_inputs,31,6,3,0.01,0.011,2.543,False
1,4,B_G2_aux,32,7821,9,0.043,2.598,149.223,False
1,5,H,33,8191,10,0.01,0.015,125.429,False
1,5,L,34,7821,9,0.008,125.146,81.379,False
1,5,A_inputs,35,6,3,0.006,206.526,1.089,False
1,5,A_aux,36,7821,9,0.009,207.625,63.82,False
1,5,B_G1_inputs,37,6,3,0.007,271.462,0.86,False
1,5,B_G1_aux,38,7821,9,324.392,272.337,51.951,True
1,5,B_G2_inputs,39,6,3,0.011,0.03,2.289,False
1,5,B_G2_aux,40,7821,9,0.007,2.345,148.614,False
2,1,H,1,8191,10,0.014,0.022,249.301,False
2,1,L,2,7821,9,0.029,0.052,84.482,False
2,1,A_inputs,3,6,3,0.011,105.134,1.117,False
2,1,A_aux,4,7821,9,0.006,106.269,64.302,False
2,1,B_G1_inputs,5,6,3,0.006,140.178,0.831,False
2,1,B_G1_aux,6,7821,9,0.006,141.044,29.06,False
2,1,B_G2_inputs,7,6,3,0.006,167.394,2.367,False
2,1,B_G2_aux,8,7821,9,0.005,169.281,79.116,False
2,2,H,9,8191,10,0.009,0.015,244.983,False
2,2,L,10,7821,9,0.01,0.013,82.212,False
2,2,A_inputs,11,6,3,0.053,103.775,1.11,False
2,2,A_aux,12,7821,9,0.007,104.851,61.296,False
2,2,B_G1_inputs,13,6,3,0.009,105.867,0.858,False
2,2,B_G1_aux,14,7821,9,0.005,136.716,28.774,False
2,2,B_G2_inputs,15,6,3,0.008,162.777,2.27,False
2,2,B_G2_aux,16,7821,9,0.008,164.586,79.436,False
2,3,H,17,8191,10,0.01,0.039,257.197,False
2,3,L,18,7821,9,0.011,0.052,82.634,False
2,3,A_inputs,19,6,3,0.117,103.326,1.007,False
2,3,A_aux,20,7821,9,0.012,104.249,74.918,False
2,3,B_G1_inputs,21,6,3,0.01,148.952,0.875,False
2,3,B_G1_aux,22,7821,9,0.006,149.866,28.808,False
2,3,B_G2_inputs,23,6,3,0.006,176.031,2.248,False
2,3,B_G2_aux,24,7821,9,0.005,178.238,77.86,False
2,4,H,25,8191,10,0.01,0.015,246.014,False
2,4,L,26,7821,9,0.012,0.014,81.65,False
2,4,A_inputs,27,6,3,0.046,102.209,0.996,False
2,4,A_aux,28,7821,9,0.012,103.18,141.858,False
2,4,B_G1_inputs,29,6,3,0.008,135.838,0.865,False
2,4,B_G1_aux,30,7821,9,0.012,136.743,107.716,False
2,4,B_G2_inputs,31,6,3,0.006,137.566,2.251,False
2,4,B_G2_aux,32,7821,9,0.005,163.155,80.825,False
2,5,H,33,8191,10,0.018,0.028,245.046,False
2,5,L,34,7821,9,0.009,0.014,81.736,False
2,5,A_inputs,35,6,3,0.036,103.137,1.079,False
2,5,A_aux,36,7821,9,0.007,104.228,62.257,False
2,5,B_G1_inputs,37,6,3,0.011,105.651,0.855,False
2,5,B_G1_aux,38,7821,9,0.007,136.928,29.056,False
2,5,B_G2_inputs,39,6,3,0.011,163.257,2.312,False
2,5,B_G2_aux,40,7821,9,0.012,165.299,78.854,False
4,1,H,1,8191,10,0.017,0.028,148.142,False
4,1,L,2,7821,9,0.009,0.015,147.354,False
4,1,A_inputs,3,6,3,0.037,0.043,75.177,False
4,1,A_aux,4,7821,9,0.034,0.486,74.385,False
4,1,B_G1_inputs,5,6,3,0.029,0.459,0.888,False
4,1,B_G1_aux,6,7821,9,0.01,1.321,62.378,False
4,1,B_G2_inputs,7,6,3,0.009,98.697,47.548,False
4,1,B_G2_aux,8,7821,9,0.01,98.712,48.206,False
4,2,H,9,8191,10,0.011,0.019,130.457,False
4,2,L,10,7821,9,0.01,0.018,130.635,False
4,2,A_inputs,11,6,3,0.022,0.023,130.229,False
4,2,A_aux,12,7821,9,0.029,0.496,129.357,False
4,2,B_G1_inputs,13,6,3,0.007,0.474,0.961,False
4,2,B_G1_aux,14,7821,9,0.006,1.467,57.434,False
4,2,B_G2_inputs,15,6,3,0.007,85.042,44.845,False
4,2,B_G2_aux,16,7821,9,0.007,86.396,42.784,False
4,3,H,17,8191,10,0.013,0.021,133.558,False
4,3,L,18,7821,9,0.009,0.033,85.385,False
4,3,A_inputs,19,6,3,0.007,0.029,133.188,False
4,3,A_aux,20,7821,9,0.024,0.627,132.18,False
4,3,B_G1_inputs,21,6,3,0.006,0.582,0.926,False
4,3,B_G1_aux,22,7821,9,0.006,1.546,55.864,False
4,3,B_G2_inputs,23,6,3,0.008,82.994,2.486,False
4,3,B_G2_aux,24,7821,9,0.006,85.32,47.732,False
4,4,H,25,8191,10,0.01,0.05,146.211,False
4,4,L,26,7821,9,0.009,0.019,143.345,False
4,4,A_inputs,27,6,3,0.045,0.051,69.643,False
4,4,A_aux,28,7821,9,0.039,0.482,68.899,False
4,4,B_G1_inputs,29,6,3,0.008,0.458,0.942,False
4,4,B_G1_aux,30,7821,9,0.007,1.409,57.087,False
4,4,B_G2_inputs,31,6,3,0.007,85.695,2.487,False
4,4,B_G2_aux,32,7821,9,0.006,88.216,56.06,False
4,5,H,33,8191,10,0.012,0.021,137.343,False
4,5,L,34,7821,9,0.01,0.02,136.101,False
4,5,A_inputs,35,6,3,0.049,0.056,72.234,False
4,5,A_aux,36,7821,9,0.053,0.534,71.384,False
4,5,B_G1_inputs,37,6,3,0.015,0.498,1.121,False
4,5,B_G1_aux,38,7821,9,0.013,1.662,59.716,False
4,5,B_G2_inputs,39,6,3,0.012,87.947,48.004,False
4,5,B_G2_aux,40,7821,9,0.015,89.401,46.0,False
8,1,H,1,8191,10,0.014,0.024,83.037,False
8,1,L,2,7821,9,0.009,0.061,83.1,False
8,1,A_inputs,3,6,3,0.008,0.117,2.357,False
8,1,A_aux,4,7821,9,0.012,0.026,83.261,False
8,1,B_G1_inputs,5,6,3,0.061,0.062,83.336,False
8,1,B_G1_aux,6,7821,9,0.026,0.231,79.553,False
8,1,B_G2_inputs,7,6,3,0.022,0.319,1.537,False
8,1,B_G2_aux,8,7821,9,0.011,0.285,83.041,False
8,2,H,9,8191,10,0.017,0.024,74.067,False
8,2,L,10,7821,9,0.008,0.031,72.981,False
8,2,A_inputs,11,6,3,0.007,0.039,73.883,False
8,2,A_aux,12,7821,9,0.151,0.321,72.831,False
8,2,B_G1_inputs,13,6,3,0.007,0.161,1.506,False
8,2,B_G1_aux,14,7821,9,0.008,0.136,72.478,False
8,2,B_G2_inputs,15,6,3,0.01,0.115,1.789,False
8,2,B_G2_aux,16,7821,9,0.007,0.102,73.015,False
8,3,H,17,8191,10,0.018,0.023,78.983,False
8,3,L,18,7821,9,0.008,0.015,77.802,False
8,3,A_inputs,19,6,3,0.019,0.024,78.618,False
8,3,A_aux,20,7821,9,0.007,0.275,77.284,False
8,3,B_G1_inputs,21,6,3,0.006,0.236,1.413,False
8,3,B_G1_aux,22,7821,9,0.025,0.225,77.213,False
8,3,B_G2_inputs,23,6,3,0.008,0.191,1.672,False
8,3,B_G2_aux,24,7821,9,0.01,0.171,77.687,False
8,4,H,25,8191,10,0.019,0.026,77.014,False
8,4,L,26,7821,9,0.045,0.057,73.783,False
8,4,A_inputs,27,6,3,0.057,0.06,74.218,False
8,4,A_aux,28,7821,9,0.011,0.017,72.108,False
8,4,B_G1_inputs,29,6,3,0.009,0.211,1.635,False
8,4,B_G1_aux,30,7821,9,0.033,0.132,71.732,False
8,4,B_G2_inputs,31,6,3,0.016,0.074,1.994,False
8,4,B_G2_aux,32,7821,9,0.015,0.038,73.516,False
8,5,H,33,8191,10,0.018,0.025,75.776,False
8,5,L,34,7821,9,0.01,0.019,74.871,False
8,5,A_inputs,35,6,3,0.078,0.087,75.893,False
8,5,A_aux,36,7821,9,0.03,0.218,71.844,False
8,5,B_G1_inputs,37,6,3,0.011,0.171,1.354,False
8,5,B_G1_aux,38,7821,9,0.007,0.126,62.834,False
8,5,B_G2_inputs,39,6,3,0.044,0.109,1.598,False
8,5,B_G2_aux,40,7821,9,0.006,0.051,75.228,False
20,1,H,1,8191,10,0.037,0.045,70.209,False
20,1,L,2,7821,9,0.024,0.044,69.205,False
20,1,A_inputs,3,6,3,0.141,0.159,70.135,False
20,1,A_aux,4,7821,9,0.031,0.073,68.206,False
20,1,B_G1_inputs,5,6,3,0.01,0.02,70.147,False
20,1,B_G1_aux,6,7821,9,0.016,0.019,69.403,False
20,1,B_G2_inputs,7,6,3,0.013,0.42,1.901,False
20,1,B_G2_aux,8,7821,9,0.02,0.354,69.13,False
20,2,H,9,8191,10,0.021,0.022,65.645,False
20,2,L,10,7821,9,0.013,0.024,65.578,False
20,2,A_inputs,11,6,3,0.133,0.149,66.156,False
20,2,A_aux,12,7821,9,0.048,0.083,63.141,False
20,2,B_G1_inputs,13,6,3,0.015,0.168,1.164,False
20,2,B_G1_aux,14,7821,9,0.014,0.1,64.889,False
20,2,B_G2_inputs,15,6,3,0.012,0.069,1.715,False
20,2,B_G2_aux,16,7821,9,0.013,0.046,64.98,False
20,3,H,17,8191,10,0.019,0.021,63.53,False
20,3,L,18,7821,9,0.021,0.029,62.068,False
20,3,A_inputs,19,6,3,0.042,0.048,64.222,False
20,3,A_aux,20,7821,9,0.052,0.063,62.262,False
20,3,B_G1_inputs,21,6,3,0.056,0.118,63.12,False
20,3,B_G1_aux,22,7821,9,0.013,0.049,61.417,False
20,3,B_G2_inputs,23,6,3,0.019,0.026,63.38,False
20,3,B_G2_aux,24,7821,9,0.016,0.306,62.184,False
20,4,H,25,8191,10,0.025,0.028,58.866,False
20,4,L,26,7821,9,0.017,0.034,57.67,False
20,4,A_inputs,27,6,3,0.059,0.067,58.955,False
20,4,A_aux,28,7821,9,0.017,0.029,57.792,False
20,4,B_G1_inputs,29,6,3,0.077,0.092,58.619,False
20,4,B_G1_aux,30,7821,9,0.014,0.237,54.279,False
20,4,B_G2_inputs,31,6,3,0.011,0.188,1.548,False
20,4,B_G2_aux,32,7821,9,0.01,0.162,57.869,False
20,5,H,33,8191,10,0.025,0.03,61.161,False
20,5,L,34,7821,9,0.015,0.021,60.326,False
20,5,A_inputs,35,6,3,0.069,0.08,61.259,False
20,5,A_aux,36,7821,9,0.015,0.025,59.381,False
20,5,B_G1_inputs,37,6,3,0.04,0.139,60.839,False
20,5,B_G1_aux,38,7821,9,0.013,0.068,59.79,False
20,5,B_G2_inputs,39,6,3,0.014,0.039,1.516,False
20,5,B_G2_aux,40,7821,9,0.095,0.144,60.266,False
