batch_id,threads,call_id,run,query,chunks,exponent_chunking_ms,bucket_alloc_sum_ms,bucket_alloc_max_chunk_ms,bucket_fill_sum_ms,bucket_fill_max_chunk_ms,bucket_sum_sum_ms,bucket_sum_max_chunk_ms,parallel_chunks_wall_ms,part_fold_ms,inner_elapsed_ms,exponent_count,density_map_size,window,call_elapsed_ms
1791532793242413400,1,1,1,H,26,4.587,0.206,0.043,149.387,8.43,38.94,2.214,,,193.352,8191,None,10,193.818
1791532793242413400,1,2,1,L,29,2.263,0.099,0.027,86.368,3.871,19.689,0.757,,,108.587,7821,None,9,108.865
1791532793242413400,1,3,1,A_inputs,85,0.005,0.012,0.001,0.221,0.004,0.801,0.011,,,1.256,6,None,3,1.318
1791532793242413400,1,4,1,A_aux,29,2.231,0.074,0.005,60.32,2.895,19.469,1.227,,,82.249,7821,Some(7821),9,82.602
1791532793242413400,1,5,1,B_G1_inputs,85,0.009,0.01,0.001,0.029,0.021,0.751,0.016,,,0.996,6,Some(6),3,1.059
1791532793242413400,1,6,1,B_G1_aux,29,1.824,0.111,0.025,47.948,2.828,19.291,0.889,,,69.33,7821,Some(7821),9,69.601
1791532793242413400,1,7,1,B_G2_inputs,85,0.004,0.012,0.0,0.016,0.009,2.13,0.03,,,2.651,6,Some(6),3,2.727
1791532793242413400,1,8,1,B_G2_aux,29,2.769,0.174,0.049,129.887,6.149,52.715,1.954,,,185.962,7821,Some(7821),9,186.247
1791532793242413400,1,9,2,H,26,2.778,0.195,0.05,136.632,7.044,35.157,1.844,,,174.94,8191,None,10,175.307
1791532793242413400,1,10,2,L,29,2.058,0.141,0.028,108.302,5.55,22.903,1.223,,,133.676,7821,None,9,134.044
1791532793242413400,1,11,2,A_inputs,85,0.012,0.013,0.001,0.248,0.005,0.888,0.024,,,1.375,6,None,3,1.448
1791532793242413400,1,12,2,A_aux,29,2.046,0.151,0.039,84.779,4.974,24.664,1.395,,,111.825,7821,Some(7821),9,112.109
1791532793242413400,1,13,2,B_G1_inputs,85,0.005,0.011,0.001,0.009,0.002,0.83,0.016,,,1.059,6,Some(6),3,1.133
1791532793242413400,1,14,2,B_G1_aux,29,2.03,0.132,0.035,55.682,3.557,23.414,1.462,,,81.428,7821,Some(7821),9,81.762
1791532793242413400,1,15,2,B_G2_inputs,85,0.005,0.015,0.002,0.011,0.004,2.484,0.062,,,3.06,6,Some(6),3,3.139
1791532793242413400,1,16,2,B_G2_aux,29,2.001,0.173,0.05,135.45,7.772,53.897,2.182,,,191.898,7821,Some(7821),9,192.19
1791532793242413400,1,17,3,H,26,2.692,0.196,0.038,113.178,5.162,30.491,1.357,,,146.7,8191,None,10,146.994
1791532793242413400,1,18,3,L,29,1.974,0.095,0.022,73.427,3.163,17.156,0.702,,,92.807,7821,None,9,93.09
1791532793242413400,1,19,3,A_inputs,85,0.005,0.011,0.001,0.214,0.005,0.777,0.012,,,1.212,6,None,3,1.278
1791532793242413400,1,20,3,A_aux,29,1.895,0.126,0.036,64.607,3.627,19.328,1.107,,,86.105,7821,Some(7821),9,86.359
1791532793242413400,1,21,3,B_G1_inputs,85,0.004,0.01,0.001,0.006,0.001,0.698,0.012,,,0.899,6,Some(6),3,0.969
1791532793242413400,1,22,3,B_G1_aux,29,2.027,0.115,0.022,43.269,1.983,18.228,0.73,,,63.768,7821,Some(7821),9,64.058
1791532793242413400,1,23,3,B_G2_inputs,85,0.006,0.012,0.001,0.018,0.011,2.138,0.136,,,2.621,6,Some(6),3,2.675
1791532793242413400,1,24,3,B_G2_aux,29,1.848,0.182,0.035,124.606,5.553,50.842,2.026,,,177.904,7821,Some(7821),9,178.299
1791532793242413400,1,25,4,H,26,5.037,0.233,0.09,133.642,8.926,34.636,1.795,,,173.718,8191,None,10,174.012
1791532793242413400,1,26,4,L,29,1.631,0.097,0.021,73.482,3.062,16.666,0.689,,,92.013,7821,None,9,92.262
1791532793242413400,1,27,4,A_inputs,85,0.007,0.01,0.0,0.187,0.005,0.661,0.008,,,1.034,6,None,3,1.094
1791532793242413400,1,28,4,A_aux,29,1.651,0.074,0.02,50.426,2.249,16.297,0.614,,,68.574,7821,Some(7821),9,68.776
1791532793242413400,1,29,4,B_G1_inputs,85,0.006,0.009,0.0,0.007,0.001,0.672,0.01,,,0.871,6,Some(6),3,0.928
1791532793242413400,1,30,4,B_G1_aux,29,1.873,0.086,0.02,37.391,1.651,15.877,0.68,,,55.358,7821,Some(7821),9,55.584
1791532793242413400,1,31,4,B_G2_inputs,85,0.007,0.011,0.001,0.01,0.003,1.856,0.029,,,2.29,6,Some(6),3,2.356
1791532793242413400,1,32,4,B_G2_aux,29,1.621,0.146,0.047,110.665,5.19,44.785,1.786,,,157.555,7821,Some(7821),9,157.801
1791532793242413400,1,33,5,H,26,2.625,0.189,0.04,138.416,10.863,36.129,2.494,,,177.51,8191,None,10,177.781
1791532793242413400,1,34,5,L,29,1.581,0.075,0.021,67.024,2.829,15.71,0.602,,,84.515,7821,None,9,84.745
1791532793242413400,1,35,5,A_inputs,85,0.004,0.01,0.0,0.174,0.003,0.63,0.008,,,0.984,6,None,3,1.041
1791532793242413400,1,36,5,A_aux,29,1.696,0.09,0.031,49.412,2.303,15.574,0.591,,,66.895,7821,Some(7821),9,67.194
1791532793242413400,1,37,5,B_G1_inputs,85,0.004,0.009,0.0,0.007,0.001,0.621,0.013,,,0.796,6,Some(6),3,0.856
1791532793242413400,1,38,5,B_G1_aux,29,1.507,0.079,0.018,36.605,1.678,15.538,0.786,,,53.86,7821,Some(7821),9,54.158
1791532793242413400,1,39,5,B_G2_inputs,85,0.004,0.01,0.001,0.008,0.003,1.901,0.044,,,2.332,6,Some(6),3,2.375
1791532793242413400,1,40,5,B_G2_aux,29,1.75,0.131,0.037,110.718,5.71,45.722,1.821,,,158.649,7821,Some(7821),9,158.959
1791533298926442700,20,1,1,H,26,4.185,0.615,0.163,216.828,10.197,52.697,2.779,56.457,0.296,60.939,8191,None,10,61.951
1791533298926442700,20,2,1,L,29,3.94,0.124,0.037,137.454,7.256,31.31,1.487,55.079,0.297,59.317,7821,None,9,59.843
1791533298926442700,20,3,1,A_inputs,85,0.009,1.71,0.66,0.657,0.117,1.33,0.05,1.02,0.405,1.435,6,None,3,1.816
1791533298926442700,20,4,1,A_aux,29,3.33,0.596,0.177,111.529,4.704,34.818,1.423,56.937,0.296,60.564,7821,Some(7821),9,62.447
1791533298926442700,20,5,1,B_G1_inputs,85,0.006,0.066,0.02,0.376,0.329,1.367,0.102,0.986,0.295,1.296,6,Some(6),3,1.538
1791533298926442700,20,6,1,B_G1_aux,29,3.194,1.851,0.329,86.352,3.593,34.975,1.419,57.075,0.303,60.572,7821,Some(7821),9,62.117
1791533298926442700,20,7,1,B_G2_inputs,85,0.022,0.652,0.496,1.091,0.537,3.211,0.191,0.909,0.691,1.623,6,Some(6),3,1.951
1791533298926442700,20,8,1,B_G2_aux,29,3.917,0.604,0.078,214.706,11.61,86.3,4.2,56.296,0.966,61.181,7821,Some(7821),9,62.013
1791533298926442700,20,9,2,H,26,5.229,0.453,0.099,247.899,13.278,62.194,2.884,59.53,0.292,65.052,8191,None,10,65.684
1791533298926442700,20,10,2,L,29,3.89,0.169,0.035,167.23,6.941,37.1,1.473,60.86,0.288,65.039,7821,None,9,66.772
1791533298926442700,20,11,2,A_inputs,85,0.006,0.039,0.007,0.466,0.034,1.452,0.021,0.833,0.219,1.06,6,None,3,1.206
1791533298926442700,20,12,2,A_aux,29,3.627,0.163,0.035,120.865,5.388,37.556,1.561,61.106,0.282,65.016,7821,Some(7821),9,66.449
1791533298926442700,20,13,2,B_G1_inputs,85,0.008,0.028,0.009,0.019,0.003,1.468,0.051,0.779,0.329,1.117,6,Some(6),3,1.405
1791533298926442700,20,14,2,B_G1_aux,29,4.572,0.149,0.044,93.045,4.789,37.237,1.612,60.185,0.156,64.914,7821,Some(7821),9,65.361
1791533298926442700,20,15,2,B_G2_inputs,85,0.009,0.026,0.001,0.028,0.007,4.796,0.276,0.755,0.867,1.633,6,Some(6),3,1.797
1791533298926442700,20,16,2,B_G2_aux,29,2.81,4.644,1.12,258.705,14.192,107.179,4.194,61.853,0.709,65.373,7821,Some(7821),9,66.253
1791533298926442700,20,17,3,H,26,3.573,0.836,0.099,213.766,10.354,58.632,2.881,54.718,0.243,58.534,8191,None,10,59.427
1791533298926442700,20,18,3,L,29,3.217,0.135,0.034,135.352,5.705,29.029,1.325,51.338,0.203,54.759,7821,None,9,55.553
1791533298926442700,20,19,3,A_inputs,85,0.109,0.023,0.002,0.46,0.012,1.504,0.047,0.912,0.328,1.351,6,None,3,1.529
1791533298926442700,20,20,3,A_aux,29,3.024,0.147,0.045,87.816,4.115,27.553,1.25,51.415,0.153,54.593,7821,Some(7821),9,55.203
1791533298926442700,20,21,3,B_G1_inputs,85,0.029,0.058,0.013,0.043,0.011,1.418,0.029,1.026,0.327,1.383,6,Some(6),3,1.734
1791533298926442700,20,22,3,B_G1_aux,29,2.502,2.147,0.307,83.784,3.747,35.519,1.504,55.331,0.209,58.042,7821,Some(7821),9,59.105
1791533298926442700,20,23,3,B_G2_inputs,85,0.039,0.731,0.166,0.041,0.014,4.638,0.184,0.903,0.894,1.838,6,Some(6),3,1.983
1791533298926442700,20,24,3,B_G2_aux,29,3.017,0.227,0.078,216.174,10.921,90.889,4.221,54.181,0.483,57.681,7821,Some(7821),9,58.066
1791533298926442700,20,25,4,H,26,5.096,0.525,0.072,197.377,10.127,51.727,2.806,49.419,0.263,54.779,8191,None,10,55.531
1791533298926442700,20,26,4,L,29,2.605,1.335,0.268,141.211,6.698,32.68,1.447,52.923,0.271,55.799,7821,None,9,56.613
1791533298926442700,20,27,4,A_inputs,85,0.007,0.026,0.002,0.378,0.009,1.279,0.023,0.776,0.182,0.965,6,None,3,1.242
1791533298926442700,20,28,4,A_aux,29,2.613,1.121,0.201,100.916,4.626,31.452,1.425,52.622,0.267,55.503,7821,Some(7821),9,56.313
1791533298926442700,20,29,4,B_G1_inputs,85,0.024,0.015,0.002,0.023,0.002,1.364,0.062,0.667,0.183,0.875,6,Some(6),3,1.001
1791533298926442700,20,30,4,B_G1_aux,29,3.599,0.125,0.034,72.937,4.228,30.251,1.454,49.59,0.142,53.331,7821,Some(7821),9,53.616
1791533298926442700,20,31,4,B_G2_inputs,85,0.006,0.04,0.008,0.022,0.006,4.024,0.101,0.731,1.017,1.76,6,Some(6),3,1.903
1791533298926442700,20,32,4,B_G2_aux,29,3.303,0.468,0.093,211.08,11.275,82.427,4.161,52.118,0.796,56.218,7821,Some(7821),9,56.874
1791533298926442700,20,33,5,H,26,5.135,0.284,0.059,204.557,10.186,50.478,2.792,53.603,0.386,59.124,8191,None,10,60.319
1791533298926442700,20,34,5,L,29,3.663,0.125,0.032,154.506,6.568,35.409,1.489,54.656,0.382,58.701,7821,None,9,59.496
1791533298926442700,20,35,5,A_inputs,85,0.006,0.047,0.011,0.442,0.023,1.439,0.028,0.779,0.33,1.117,6,None,3,1.547
1791533298926442700,20,36,5,A_aux,29,3.582,0.131,0.03,105.1,5.267,32.055,1.398,54.318,0.267,58.168,7821,Some(7821),9,59.194
1791533298926442700,20,37,5,B_G1_inputs,85,0.009,0.019,0.002,0.026,0.004,1.347,0.019,0.728,0.359,1.098,6,Some(6),3,1.282
1791533298926442700,20,38,5,B_G1_aux,29,2.857,0.18,0.078,70.192,4.118,27.521,1.454,55.044,0.146,58.048,7821,Some(7821),9,58.585
1791533298926442700,20,39,5,B_G2_inputs,85,0.007,0.052,0.008,0.03,0.005,3.872,0.061,0.729,0.71,1.447,6,Some(6),3,1.792
1791533298926442700,20,40,5,B_G2_aux,29,2.412,4.151,0.398,230.259,9.971,95.769,4.287,55.947,0.838,59.198,7821,Some(7821),9,60.028
