"circuit","process_index","batch_id","process_exit_code","params_read_validate_ms","prepare_vk_ms","input_prep_ms","run","run_mode","prove_ms","verify_ms","proof_bytes","verified","rayon_threads","build_profile"
"Spend","1","1791617293024","0","24129.952","1.031","13.146","1","first_prove_in_process","3440.96","3.461","192","True","1","release"
"Spend","1","1791617293024","0","24129.952","1.031","13.146","2","repeat_prove_same_process","3400.592","2.84","192","True","1","release"
"Spend","1","1791617293024","0","24129.952","1.031","13.146","3","repeat_prove_same_process","3413.626","2.927","192","True","1","release"
"Spend","1","1791617293024","0","24129.952","1.031","13.146","4","repeat_prove_same_process","3418.918","2.826","192","True","1","release"
"Spend","1","1791617293024","0","24129.952","1.031","13.146","5","repeat_prove_same_process","3410.38","2.773","192","True","1","release"
"Spend","2","1791617339181","0","23973.112","1.075","13.306","1","first_prove_in_process","3446.241","2.808","192","True","1","release"
"Spend","2","1791617339181","0","23973.112","1.075","13.306","2","repeat_prove_same_process","3407.021","2.843","192","True","1","release"
"Spend","2","1791617339181","0","23973.112","1.075","13.306","3","repeat_prove_same_process","3398.154","2.791","192","True","1","release"
"Spend","2","1791617339181","0","23973.112","1.075","13.306","4","repeat_prove_same_process","3412.942","2.843","192","True","1","release"
"Spend","2","1791617339181","0","23973.112","1.075","13.306","5","repeat_prove_same_process","3406.685","2.786","192","True","1","release"
"Spend","3","1791617385288","0","23982.103","1.103","13.295","1","first_prove_in_process","3446.118","2.796","192","True","1","release"
"Spend","3","1791617385288","0","23982.103","1.103","13.295","2","repeat_prove_same_process","3391.668","2.766","192","True","1","release"
"Spend","3","1791617385288","0","23982.103","1.103","13.295","3","repeat_prove_same_process","3401.391","2.839","192","True","1","release"
"Spend","3","1791617385288","0","23982.103","1.103","13.295","4","repeat_prove_same_process","3433.025","2.849","192","True","1","release"
"Spend","3","1791617385288","0","23982.103","1.103","13.295","5","repeat_prove_same_process","3396.677","2.84","192","True","1","release"
"Output","1","1791617770814","0","1808.419","1.035","11.933","1","first_prove_in_process","545.121","2.165","192","True","1","release"
"Output","1","1791617770814","0","1808.419","1.035","11.933","2","repeat_prove_same_process","511.115","2.196","192","True","1","release"
"Output","1","1791617770814","0","1808.419","1.035","11.933","3","repeat_prove_same_process","522.277","2.139","192","True","1","release"
"Output","1","1791617770814","0","1808.419","1.035","11.933","4","repeat_prove_same_process","524.45","2.152","192","True","1","release"
"Output","1","1791617770814","0","1808.419","1.035","11.933","5","repeat_prove_same_process","514.775","2.333","192","True","1","release"
"Output","2","1791617780346","0","1822.691","1.023","12.21","1","first_prove_in_process","557.411","2.209","192","True","1","release"
"Output","2","1791617780346","0","1822.691","1.023","12.21","2","repeat_prove_same_process","530.304","2.2","192","True","1","release"
"Output","2","1791617780346","0","1822.691","1.023","12.21","3","repeat_prove_same_process","946.76","3.983","192","True","1","release"
"Output","2","1791617780346","0","1822.691","1.023","12.21","4","repeat_prove_same_process","982.051","4.017","192","True","1","release"
"Output","2","1791617780346","0","1822.691","1.023","12.21","5","repeat_prove_same_process","975.014","3.972","192","True","1","release"
"Output","3","1791617791207","0","1812.279","1.059","12.223","1","first_prove_in_process","585.627","2.896","192","True","1","release"
"Output","3","1791617791207","0","1812.279","1.059","12.223","2","repeat_prove_same_process","982.657","4.793","192","True","1","release"
"Output","3","1791617791207","0","1812.279","1.059","12.223","3","repeat_prove_same_process","1126.027","4.019","192","True","1","release"
"Output","3","1791617791207","0","1812.279","1.059","12.223","4","repeat_prove_same_process","1017.853","4.042","192","True","1","release"
"Output","3","1791617791207","0","1812.279","1.059","12.223","5","repeat_prove_same_process","971.411","3.976","192","True","1","release"
"Output","4","1791618423686","0","1857.54","1.01","12.224","1","first_prove_in_process","559.346","2.163","192","True","1","release"
"Output","4","1791618423686","0","1857.54","1.01","12.224","2","repeat_prove_same_process","518.921","2.16","192","True","1","release"
"Output","4","1791618423686","0","1857.54","1.01","12.224","3","repeat_prove_same_process","514.877","2.219","192","True","1","release"
"Output","4","1791618423686","0","1857.54","1.01","12.224","4","repeat_prove_same_process","519.37","2.179","192","True","1","release"
"Output","4","1791618423686","0","1857.54","1.01","12.224","5","repeat_prove_same_process","522.085","2.159","192","True","1","release"
"Output","5","1791618476491","0","1859.688","1.01","12.277","1","first_prove_in_process","559.402","2.191","192","True","1","release"
"Output","5","1791618476491","0","1859.688","1.01","12.277","2","repeat_prove_same_process","514.665","2.157","192","True","1","release"
"Output","5","1791618476491","0","1859.688","1.01","12.277","3","repeat_prove_same_process","518.049","2.192","192","True","1","release"
"Output","5","1791618476491","0","1859.688","1.01","12.277","4","repeat_prove_same_process","514.135","2.113","192","True","1","release"
"Output","5","1791618476491","0","1859.688","1.01","12.277","5","repeat_prove_same_process","513.313","2.185","192","True","1","release"
"Output","6","1791618486266","0","1847.165","1.32","12.4","1","first_prove_in_process","561.078","2.16","192","True","1","release"
"Output","6","1791618486266","0","1847.165","1.32","12.4","2","repeat_prove_same_process","868.88","4.234","192","True","1","release"
"Output","6","1791618486266","0","1847.165","1.32","12.4","3","repeat_prove_same_process","1100.262","4.639","192","True","1","release"
"Output","6","1791618486266","0","1847.165","1.32","12.4","4","repeat_prove_same_process","1148.469","4.075","192","True","1","release"
"Output","6","1791618486266","0","1847.165","1.32","12.4","5","repeat_prove_same_process","1048.179","4.124","192","True","1","release"
"Output","7","1791618946897","0","1828.17","1.002","11.981","1","first_prove_in_process","550.772","2.106","192","True","1","release"
"Output","7","1791618946897","0","1828.17","1.002","11.981","2","repeat_prove_same_process","515.687","2.183","192","True","1","release"
"Output","7","1791618946897","0","1828.17","1.002","11.981","3","repeat_prove_same_process","505.965","2.16","192","True","1","release"
"Output","7","1791618946897","0","1828.17","1.002","11.981","4","repeat_prove_same_process","506.524","2.133","192","True","1","release"
"Output","7","1791618946897","0","1828.17","1.002","11.981","5","repeat_prove_same_process","509.799","2.171","192","True","1","release"
"Spend","4","1791619041368","0","39784.304","1.796","18.123","1","first_prove_in_process","7892.131","9.287","192","True","1","release"
"Spend","4","1791619041368","0","39784.304","1.796","18.123","2","repeat_prove_same_process","7999.04","5.446","192","True","1","release"
"Spend","4","1791619041368","0","39784.304","1.796","18.123","3","repeat_prove_same_process","8548.758","5.388","192","True","1","release"
"Spend","4","1791619041368","0","39784.304","1.796","18.123","4","repeat_prove_same_process","8009.715","6.696","192","True","1","release"
"Spend","4","1791619041368","0","39784.304","1.796","18.123","5","repeat_prove_same_process","5308.107","5.362","192","True","1","release"
"Spend","5","1791619135309","0","50209.204","3.797","32.95","1","first_prove_in_process","7984.472","5.558","192","True","1","release"
"Spend","5","1791619135309","0","50209.204","3.797","32.95","2","repeat_prove_same_process","8142.449","5.254","192","True","1","release"
"Spend","5","1791619135309","0","50209.204","3.797","32.95","3","repeat_prove_same_process","7968.671","5.319","192","True","1","release"
"Spend","5","1791619135309","0","50209.204","3.797","32.95","4","repeat_prove_same_process","7812.71","5.453","192","True","1","release"
"Spend","5","1791619135309","0","50209.204","3.797","32.95","5","repeat_prove_same_process","7758.007","5.327","192","True","1","release"
"Spend","6","1791619229133","0","48629.345","0.992","44.98","1","first_prove_in_process","8559.108","5.42","192","True","1","release"
"Spend","6","1791619229133","0","48629.345","0.992","44.98","2","repeat_prove_same_process","7657.978","5.488","192","True","1","release"
"Spend","6","1791619229133","0","48629.345","0.992","44.98","3","repeat_prove_same_process","6924.221","6.603","192","True","1","release"
"Spend","6","1791619229133","0","48629.345","0.992","44.98","4","repeat_prove_same_process","7125.391","5.577","192","True","1","release"
"Spend","6","1791619229133","0","48629.345","0.992","44.98","5","repeat_prove_same_process","7014.059","5.232","192","True","1","release"
