"timestamp","circuit","process_index","batch_id","system_cpu_pct","cpu_sample_status","process_memory_mib"
"2026-10-10T15:47:02.3170205+08:00","Output","4","1791618423686","16","ok","6.137"
"2026-10-10T15:47:03.1029199+08:00","Output","4","1791618423686","27","ok","7.594"
"2026-10-10T15:47:03.8902804+08:00","Output","4","1791618423686","13","ok","19.379"
"2026-10-10T15:47:04.6737576+08:00","Output","4","1791618423686","26","ok","19.441"
"2026-10-10T15:47:05.4623525+08:00","Output","4","1791618423686","45","ok","19.922"
"2026-10-10T15:47:06.2525286+08:00","Output","4","1791618423686","16","ok","19.609"
"2026-10-10T15:47:54.6933990+08:00","Output","5","1791618476491","13","ok","4.855"
"2026-10-10T15:47:55.4787141+08:00","Output","5","1791618476491","0","ok","6.137"
"2026-10-10T15:47:56.2711138+08:00","Output","5","1791618476491","4","ok","8.539"
"2026-10-10T15:47:57.0531743+08:00","Output","5","1791618476491","0","ok","18.426"
"2026-10-10T15:47:57.8454821+08:00","Output","5","1791618476491","15","ok","19.492"
"2026-10-10T15:47:58.6353631+08:00","Output","5","1791618476491","22","ok","19.801"
"2026-10-10T15:48:04.4762496+08:00","Output","6","1791618486266","21","ok","4.836"
"2026-10-10T15:48:05.2613190+08:00","Output","6","1791618486266","25","ok","6.117"
"2026-10-10T15:48:06.0535944+08:00","Output","6","1791618486266","17","ok","8.586"
"2026-10-10T15:48:06.8433199+08:00","Output","6","1791618486266","10","ok","19.453"
"2026-10-10T15:48:07.6359659+08:00","Output","6","1791618486266","10","ok","19.43"
"2026-10-10T15:48:08.4306324+08:00","Output","6","1791618486266","9","ok","19.348"
"2026-10-10T15:48:09.2136859+08:00","Output","6","1791618486266","7","ok","19.992"
"2026-10-10T15:48:10.0103723+08:00","Output","6","1791618486266","17","ok","20.242"
"2026-10-10T15:48:10.7951428+08:00","Output","6","1791618486266","8","ok","19.637"
"2026-10-10T15:55:45.4645028+08:00","Output","7","1791618946897","9","ok","6.074"
"2026-10-10T15:55:46.2438228+08:00","Output","7","1791618946897","0","ok","7.59"
"2026-10-10T15:55:47.0322269+08:00","Output","7","1791618946897","20","ok","20.09"
"2026-10-10T15:55:47.8008353+08:00","Output","7","1791618946897","3","ok","19.418"
"2026-10-10T15:55:48.5895183+08:00","Output","7","1791618946897","24","ok","20.605"
"2026-10-10T15:55:49.3804140+08:00","Output","7","1791618946897","34","ok","19.469"
"2026-10-10T15:56:41.6497978+08:00","Spend","4","1791619041368","15","ok","4.848"
"2026-10-10T15:56:42.4285889+08:00","Spend","4","1791619041368","22","ok","7.711"
"2026-10-10T15:56:43.2003257+08:00","Spend","4","1791619041368","11","ok","9.191"
"2026-10-10T15:56:43.9770968+08:00","Spend","4","1791619041368","6","ok","10.648"
"2026-10-10T15:56:44.7566181+08:00","Spend","4","1791619041368","0","ok","12.086"
"2026-10-10T15:56:45.5394340+08:00","Spend","4","1791619041368","0","ok","13.566"
"2026-10-10T15:56:46.3140260+08:00","Spend","4","1791619041368","19","ok","15.004"
"2026-10-10T15:56:47.1036930+08:00","Spend","4","1791619041368","9","ok","16.504"
"2026-10-10T15:56:47.9001999+08:00","Spend","4","1791619041368","25","ok","18.004"
"2026-10-10T15:56:48.6878195+08:00","Spend","4","1791619041368","33","ok","19.133"
"2026-10-10T15:56:49.4642319+08:00","Spend","4","1791619041368","18","ok","19.395"
"2026-10-10T15:56:50.2406092+08:00","Spend","4","1791619041368","16","ok","20.836"
"2026-10-10T15:56:51.0217255+08:00","Spend","4","1791619041368","0","ok","22.211"
"2026-10-10T15:56:51.8086457+08:00","Spend","4","1791619041368","35","ok","22.898"
"2026-10-10T15:56:52.5831848+08:00","Spend","4","1791619041368","7","ok","23.586"
"2026-10-10T15:56:53.3796913+08:00","Spend","4","1791619041368","12","ok","24.316"
"2026-10-10T15:56:54.1494425+08:00","Spend","4","1791619041368","21","ok","24.941"
"2026-10-10T15:56:54.9401683+08:00","Spend","4","1791619041368","15","ok","25.629"
"2026-10-10T15:56:55.7315255+08:00","Spend","4","1791619041368","18","ok","26.316"
"2026-10-10T15:56:56.5243534+08:00","Spend","4","1791619041368","0","ok","27.066"
"2026-10-10T15:56:57.3114495+08:00","Spend","4","1791619041368","12","ok","27.711"
"2026-10-10T15:56:58.1047558+08:00","Spend","4","1791619041368","23","ok","29.238"
"2026-10-10T15:56:58.9059701+08:00","Spend","4","1791619041368","20","ok","29.957"
"2026-10-10T15:56:59.6910263+08:00","Spend","4","1791619041368","2","ok","30.582"
"2026-10-10T15:57:00.4790497+08:00","Spend","4","1791619041368","21","ok","31.332"
"2026-10-10T15:57:01.2546004+08:00","Spend","4","1791619041368","12","ok","32.043"
"2026-10-10T15:57:02.0395762+08:00","Spend","4","1791619041368","44","ok","32.73"
"2026-10-10T15:57:02.8236296+08:00","Spend","4","1791619041368","26","ok","33.418"
"2026-10-10T15:57:03.6132838+08:00","Spend","4","1791619041368","0","ok","34.168"
"2026-10-10T15:57:04.3961963+08:00","Spend","4","1791619041368","18","ok","34.828"
"2026-10-10T15:57:05.1794972+08:00","Spend","4","1791619041368","10","ok","35.578"
"2026-10-10T15:57:05.9464456+08:00","Spend","4","1791619041368","20","ok","36.203"
"2026-10-10T15:57:06.7293992+08:00","Spend","4","1791619041368","23","ok","36.641"
"2026-10-10T15:57:07.4957749+08:00","Spend","4","1791619041368","0","ok","37.598"
"2026-10-10T15:57:08.2798676+08:00","Spend","4","1791619041368","10","ok","38.262"
"2026-10-10T15:57:09.0564684+08:00","Spend","4","1791619041368","38","ok","39"
"2026-10-10T15:57:09.8457601+08:00","Spend","4","1791619041368","28","ok","39.75"
"2026-10-10T15:57:10.6482426+08:00","Spend","4","1791619041368","0","ok","40.469"
"2026-10-10T15:57:11.4311790+08:00","Spend","4","1791619041368","15","ok","41.156"
"2026-10-10T15:57:12.2165285+08:00","Spend","4","1791619041368","21","ok","41.734"
"2026-10-10T15:57:12.9999083+08:00","Spend","4","1791619041368","14","ok","42.422"
"2026-10-10T15:57:13.7818052+08:00","Spend","4","1791619041368","12","ok","42.734"
"2026-10-10T15:57:14.5556465+08:00","Spend","4","1791619041368","0","ok","44.273"
"2026-10-10T15:57:15.3411493+08:00","Spend","4","1791619041368","30","ok","45.289"
"2026-10-10T15:57:16.1301941+08:00","Spend","4","1791619041368","0","ok","46.223"
"2026-10-10T15:57:16.9116486+08:00","Spend","4","1791619041368","15","ok","47.66"
"2026-10-10T15:57:17.6940718+08:00","Spend","4","1791619041368","24","ok","49.707"
"2026-10-10T15:57:18.4783199+08:00","Spend","4","1791619041368","11","ok","50.895"
"2026-10-10T15:57:19.2768818+08:00","Spend","4","1791619041368","13","ok","51.895"
"2026-10-10T15:57:20.0587416+08:00","Spend","4","1791619041368","25","ok","52.832"
"2026-10-10T15:57:20.8289710+08:00","Spend","4","1791619041368","12","ok","53.77"
"2026-10-10T15:57:21.6095635+08:00","Spend","4","1791619041368","15","ok","72.047"
"2026-10-10T15:57:22.3821677+08:00","Spend","4","1791619041368","70","ok","75.395"
"2026-10-10T15:57:23.1669272+08:00","Spend","4","1791619041368","22","ok","100.645"
"2026-10-10T15:57:23.9562743+08:00","Spend","4","1791619041368","0","ok","100.645"
"2026-10-10T15:57:24.7356371+08:00","Spend","4","1791619041368","17","ok","100.652"
"2026-10-10T15:57:25.5151333+08:00","Spend","4","1791619041368","12","ok","100.652"
"2026-10-10T15:57:26.3065373+08:00","Spend","4","1791619041368","13","ok","76.145"
"2026-10-10T15:57:27.1053516+08:00","Spend","4","1791619041368","0","ok","76.086"
"2026-10-10T15:57:27.8905662+08:00","Spend","4","1791619041368","13","ok","76.148"
"2026-10-10T15:57:28.6814720+08:00","Spend","4","1791619041368","32","ok","76.754"
"2026-10-10T15:57:29.4664666+08:00","Spend","4","1791619041368","5","ok","77.059"
"2026-10-10T15:57:30.2454059+08:00","Spend","4","1791619041368","30","ok","72.422"
"2026-10-10T15:57:31.0402749+08:00","Spend","4","1791619041368","39","ok","101.203"
"2026-10-10T15:57:31.8171347+08:00","Spend","4","1791619041368","12","ok","101.203"
"2026-10-10T15:57:32.5958236+08:00","Spend","4","1791619041368","4","ok","101.203"
"2026-10-10T15:57:33.3970280+08:00","Spend","4","1791619041368","11","ok","101.203"
"2026-10-10T15:57:34.1875527+08:00","Spend","4","1791619041368","11","ok","76.609"
"2026-10-10T15:57:34.9546184+08:00","Spend","4","1791619041368","26","ok","76.543"
"2026-10-10T15:57:35.7581033+08:00","Spend","4","1791619041368","0","ok","76.59"
"2026-10-10T15:57:36.5565526+08:00","Spend","4","1791619041368","10","ok","77.156"
"2026-10-10T15:57:37.3522758+08:00","Spend","4","1791619041368","52","ok","70.719"
"2026-10-10T15:57:38.1387749+08:00","Spend","4","1791619041368","11","ok","76.805"
"2026-10-10T15:57:38.9076594+08:00","Spend","4","1791619041368","8","ok","101.434"
"2026-10-10T15:57:39.6988973+08:00","Spend","4","1791619041368","8","ok","101.434"
"2026-10-10T15:57:40.4811923+08:00","Spend","4","1791619041368","0","ok","101.434"
"2026-10-10T15:57:41.2482751+08:00","Spend","4","1791619041368","18","ok","101.434"
"2026-10-10T15:57:42.0430876+08:00","Spend","4","1791619041368","9","ok","76.82"
"2026-10-10T15:57:42.8359566+08:00","Spend","4","1791619041368","32","ok","76.82"
"2026-10-10T15:57:43.6301669+08:00","Spend","4","1791619041368","19","ok","76.75"
"2026-10-10T15:57:44.4390569+08:00","Spend","4","1791619041368","20","ok","77.348"
"2026-10-10T15:57:45.2145926+08:00","Spend","4","1791619041368","9","ok","77.348"
"2026-10-10T15:57:45.9988528+08:00","Spend","4","1791619041368","15","ok","80.727"
"2026-10-10T15:57:46.7974915+08:00","Spend","4","1791619041368","30","ok","76.723"
"2026-10-10T15:57:47.5902902+08:00","Spend","4","1791619041368","17","ok","101.512"
"2026-10-10T15:57:48.3645489+08:00","Spend","4","1791619041368","15","ok","101.512"
"2026-10-10T15:57:49.1413635+08:00","Spend","4","1791619041368","0","ok","101.512"
"2026-10-10T15:57:49.9327074+08:00","Spend","4","1791619041368","9","ok","101.512"
"2026-10-10T15:57:50.7185338+08:00","Spend","4","1791619041368","9","ok","76.824"
"2026-10-10T15:57:51.4982469+08:00","Spend","4","1791619041368","11","ok","76.695"
"2026-10-10T15:57:52.2808231+08:00","Spend","4","1791619041368","11","ok","76.73"
"2026-10-10T15:57:53.0799621+08:00","Spend","4","1791619041368","13","ok","77.324"
"2026-10-10T15:57:53.8682829+08:00","Spend","4","1791619041368","15","ok","65.98"
"2026-10-10T15:57:54.6392918+08:00","Spend","4","1791619041368","11","ok","101.547"
"2026-10-10T15:57:55.4045500+08:00","Spend","4","1791619041368","20","ok","101.547"
"2026-10-10T15:57:56.1820328+08:00","Spend","4","1791619041368","0","ok","76.863"
"2026-10-10T15:57:56.9786119+08:00","Spend","4","1791619041368","17","ok","76.742"
"2026-10-10T15:57:57.7648415+08:00","Spend","4","1791619041368","20","ok","76.773"
"2026-10-10T15:57:58.5443304+08:00","Spend","4","1791619041368","9","ok","77.367"
"2026-10-10T15:57:59.3282073+08:00","Spend","4","1791619041368","43","ok","0"
"2026-10-10T15:58:05.1378380+08:00","Spend","5","1791619135309","11","ok","4.836"
"2026-10-10T15:58:05.9147846+08:00","Spend","5","1791619135309","1","ok","7.723"
"2026-10-10T15:58:06.6771828+08:00","Spend","5","1791619135309","17","ok","9.145"
"2026-10-10T15:58:07.4569460+08:00","Spend","5","1791619135309","12","ok","10.59"
"2026-10-10T15:58:08.2477858+08:00","Spend","5","1791619135309","31","ok","11.527"
"2026-10-10T15:58:09.0404010+08:00","Spend","5","1791619135309","11","ok","12.09"
"2026-10-10T15:58:09.8241328+08:00","Spend","5","1791619135309","6","ok","12.699"
"2026-10-10T15:58:10.6168880+08:00","Spend","5","1791619135309","18","ok","13.387"
"2026-10-10T15:58:11.4134853+08:00","Spend","5","1791619135309","30","ok","14.012"
"2026-10-10T15:58:12.2091647+08:00","Spend","5","1791619135309","21","ok","14.699"
"2026-10-10T15:58:13.0015709+08:00","Spend","5","1791619135309","16","ok","15.387"
"2026-10-10T15:58:13.7903861+08:00","Spend","5","1791619135309","8","ok","16.012"
"2026-10-10T15:58:14.5725059+08:00","Spend","5","1791619135309","8","ok","16.699"
"2026-10-10T15:58:15.3488875+08:00","Spend","5","1791619135309","5","ok","17.324"
"2026-10-10T15:58:16.1312623+08:00","Spend","5","1791619135309","9","ok","17.949"
"2026-10-10T15:58:16.9141550+08:00","Spend","5","1791619135309","13","ok","18.625"
"2026-10-10T15:58:17.6838001+08:00","Spend","5","1791619135309","16","ok","19.121"
"2026-10-10T15:58:18.4821064+08:00","Spend","5","1791619135309","0","ok","19.121"
"2026-10-10T15:58:19.2687906+08:00","Spend","5","1791619135309","3","ok","18.898"
"2026-10-10T15:58:20.0487015+08:00","Spend","5","1791619135309","25","ok","19.477"
"2026-10-10T15:58:20.8482357+08:00","Spend","5","1791619135309","0","ok","20.164"
"2026-10-10T15:58:21.6334822+08:00","Spend","5","1791619135309","14","ok","20.82"
"2026-10-10T15:58:22.4142434+08:00","Spend","5","1791619135309","0","ok","21.508"
"2026-10-10T15:58:23.1898305+08:00","Spend","5","1791619135309","16","ok","22.195"
"2026-10-10T15:58:23.9903792+08:00","Spend","5","1791619135309","16","ok","22.883"
"2026-10-10T15:58:24.7714959+08:00","Spend","5","1791619135309","12","ok","23.445"
"2026-10-10T15:58:25.5521887+08:00","Spend","5","1791619135309","5","ok","24.102"
"2026-10-10T15:58:26.3506421+08:00","Spend","5","1791619135309","47","ok","24.727"
"2026-10-10T15:58:27.1276447+08:00","Spend","5","1791619135309","20","ok","25.414"
"2026-10-10T15:58:27.9054877+08:00","Spend","5","1791619135309","25","ok","26.039"
"2026-10-10T15:58:28.6905412+08:00","Spend","5","1791619135309","46","ok","26.727"
"2026-10-10T15:58:29.4727450+08:00","Spend","5","1791619135309","27","ok","27.32"
"2026-10-10T15:58:30.2643554+08:00","Spend","5","1791619135309","13","ok","27.977"
"2026-10-10T15:58:31.0474503+08:00","Spend","5","1791619135309","17","ok","29.496"
"2026-10-10T15:58:31.8320041+08:00","Spend","5","1791619135309","11","ok","30.207"
"2026-10-10T15:58:32.6168148+08:00","Spend","5","1791619135309","7","ok","30.895"
"2026-10-10T15:58:33.4069968+08:00","Spend","5","1791619135309","3","ok","31.609"
"2026-10-10T15:58:34.1961072+08:00","Spend","5","1791619135309","8","ok","32.359"
"2026-10-10T15:58:34.9883639+08:00","Spend","5","1791619135309","18","ok","32.984"
"2026-10-10T15:58:40.5353658+08:00","Spend","5","1791619135309","11","ok","37.711"
"2026-10-10T15:58:41.3297106+08:00","Spend","5","1791619135309","25","ok","38.406"
"2026-10-10T15:58:42.1138836+08:00","Spend","5","1791619135309","4","ok","39.094"
"2026-10-10T15:58:42.8797472+08:00","Spend","5","1791619135309","10","ok","39.781"
"2026-10-10T15:58:43.6644636+08:00","Spend","5","1791619135309","11","ok","40.496"
"2026-10-10T15:58:44.4312087+08:00","Spend","5","1791619135309","36","ok","41.121"
"2026-10-10T15:58:45.2071117+08:00","Spend","5","1791619135309","18","ok","41.809"
"2026-10-10T15:58:45.9957078+08:00","Spend","5","1791619135309","9","ok","42.434"
"2026-10-10T15:58:46.7796521+08:00","Spend","5","1791619135309","19","ok","42.684"
"2026-10-10T15:58:47.5474438+08:00","Spend","5","1791619135309","41","ok","44.402"
"2026-10-10T15:58:48.3485903+08:00","Spend","5","1791619135309","16","ok","45.402"
"2026-10-10T15:58:49.1271986+08:00","Spend","5","1791619135309","17","ok","46.457"
"2026-10-10T15:58:49.9058065+08:00","Spend","5","1791619135309","26","ok","47.457"
"2026-10-10T15:58:50.6799567+08:00","Spend","5","1791619135309","28","ok","48.52"
"2026-10-10T15:58:51.4469261+08:00","Spend","5","1791619135309","31","ok","49.523"
"2026-10-10T15:58:52.2300221+08:00","Spend","5","1791619135309","16","ok","50.523"
"2026-10-10T15:58:53.0239252+08:00","Spend","5","1791619135309","24","ok","51.523"
"2026-10-10T15:58:53.8152297+08:00","Spend","5","1791619135309","15","ok","52.461"
"2026-10-10T15:58:54.5958594+08:00","Spend","5","1791619135309","13","ok","53.523"
"2026-10-10T15:58:55.3799111+08:00","Spend","5","1791619135309","9","ok","67.906"
"2026-10-10T15:58:56.1735532+08:00","Spend","5","1791619135309","9","ok","83.578"
"2026-10-10T15:58:56.9563233+08:00","Spend","5","1791619135309","13","ok","100.66"
"2026-10-10T15:58:57.7324897+08:00","Spend","5","1791619135309","2","ok","100.66"
"2026-10-10T15:58:58.5217093+08:00","Spend","5","1791619135309","19","ok","100.668"
"2026-10-10T15:58:59.2893182+08:00","Spend","5","1791619135309","17","ok","100.668"
"2026-10-10T15:59:00.0721330+08:00","Spend","5","1791619135309","0","ok","76.137"
"2026-10-10T15:59:00.8558842+08:00","Spend","5","1791619135309","11","ok","76.137"
"2026-10-10T15:59:01.6394932+08:00","Spend","5","1791619135309","15","ok","76.121"
"2026-10-10T15:59:02.4290930+08:00","Spend","5","1791619135309","45","ok","76.742"
"2026-10-10T15:59:03.2225852+08:00","Spend","5","1791619135309","22","ok","76.746"
"2026-10-10T15:59:04.0161406+08:00","Spend","5","1791619135309","8","ok","84.371"
"2026-10-10T15:59:04.8190301+08:00","Spend","5","1791619135309","16","ok","101.152"
"2026-10-10T15:59:05.6304332+08:00","Spend","5","1791619135309","17","ok","101.152"
"2026-10-10T15:59:06.4030664+08:00","Spend","5","1791619135309","37","ok","101.152"
"2026-10-10T15:59:07.2018434+08:00","Spend","5","1791619135309","37","ok","101.152"
"2026-10-10T15:59:07.9908019+08:00","Spend","5","1791619135309","14","ok","101.152"
"2026-10-10T15:59:08.7806653+08:00","Spend","5","1791619135309","0","ok","76.539"
"2026-10-10T15:59:09.5496253+08:00","Spend","5","1791619135309","27","ok","76.418"
"2026-10-10T15:59:10.3292583+08:00","Spend","5","1791619135309","0","ok","77.043"
"2026-10-10T15:59:11.1120918+08:00","Spend","5","1791619135309","6","ok","77.047"
"2026-10-10T15:59:11.9136445+08:00","Spend","5","1791619135309","20","ok","84.645"
"2026-10-10T15:59:12.6995206+08:00","Spend","5","1791619135309","21","ok","101.293"
"2026-10-10T15:59:13.4916440+08:00","Spend","5","1791619135309","1","ok","101.293"
"2026-10-10T15:59:14.2819900+08:00","Spend","5","1791619135309","15","ok","101.293"
"2026-10-10T15:59:15.0647059+08:00","Spend","5","1791619135309","15","ok","101.293"
"2026-10-10T15:59:15.8472053+08:00","Spend","5","1791619135309","15","ok","101.293"
"2026-10-10T15:59:16.6386321+08:00","Spend","5","1791619135309","6","ok","76.695"
"2026-10-10T15:59:17.4221982+08:00","Spend","5","1791619135309","5","ok","76.617"
"2026-10-10T15:59:18.2046305+08:00","Spend","5","1791619135309","18","ok","77.246"
"2026-10-10T15:59:18.9873436+08:00","Spend","5","1791619135309","35","ok","77.25"
"2026-10-10T15:59:19.7564985+08:00","Spend","5","1791619135309","33","ok","84.605"
"2026-10-10T15:59:20.5412614+08:00","Spend","5","1791619135309","20","ok","101.336"
"2026-10-10T15:59:21.3226494+08:00","Spend","5","1791619135309","24","ok","101.336"
"2026-10-10T15:59:22.1147233+08:00","Spend","5","1791619135309","23","ok","101.336"
"2026-10-10T15:59:22.8834488+08:00","Spend","5","1791619135309","16","ok","101.336"
"2026-10-10T15:59:23.6657713+08:00","Spend","5","1791619135309","24","ok","101.336"
"2026-10-10T15:59:24.4395635+08:00","Spend","5","1791619135309","13","ok","76.695"
"2026-10-10T15:59:25.2152689+08:00","Spend","5","1791619135309","15","ok","76.57"
"2026-10-10T15:59:26.0148781+08:00","Spend","5","1791619135309","10","ok","77.207"
"2026-10-10T15:59:26.8065650+08:00","Spend","5","1791619135309","34","ok","77.211"
"2026-10-10T15:59:27.5915103+08:00","Spend","5","1791619135309","14","ok","84.586"
"2026-10-10T15:59:28.3714806+08:00","Spend","5","1791619135309","29","ok","79.664"
"2026-10-10T15:59:29.1484827+08:00","Spend","5","1791619135309","25","ok","101.328"
"2026-10-10T15:59:29.9442333+08:00","Spend","5","1791619135309","13","ok","101.328"
"2026-10-10T15:59:30.7302987+08:00","Spend","5","1791619135309","13","ok","101.328"
"2026-10-10T15:59:31.4955442+08:00","Spend","5","1791619135309","17","ok","101.328"
"2026-10-10T15:59:32.2802367+08:00","Spend","5","1791619135309","15","ok","76.918"
"2026-10-10T15:59:33.0563879+08:00","Spend","5","1791619135309","33","ok","76.582"
"2026-10-10T15:59:33.8467492+08:00","Spend","5","1791619135309","11","ok","77.215"
"2026-10-10T15:59:34.6457917+08:00","Spend","5","1791619135309","7","ok","77.219"
"2026-10-10T15:59:40.5497557+08:00","Spend","6","1791619229133","12","ok","4.867"
"2026-10-10T15:59:41.3632291+08:00","Spend","6","1791619229133","12","ok","7.848"
"2026-10-10T15:59:42.1599819+08:00","Spend","6","1791619229133","11","ok","9.348"
"2026-10-10T15:59:42.9456107+08:00","Spend","6","1791619229133","6","ok","10.453"
"2026-10-10T15:59:43.7428580+08:00","Spend","6","1791619229133","0","ok","11.078"
"2026-10-10T15:59:44.5184163+08:00","Spend","6","1791619229133","6","ok","11.766"
"2026-10-10T15:59:45.3058412+08:00","Spend","6","1791619229133","40","ok","12.453"
"2026-10-10T15:59:46.0968622+08:00","Spend","6","1791619229133","8","ok","13.172"
"2026-10-10T15:59:46.8957378+08:00","Spend","6","1791619229133","16","ok","13.859"
"2026-10-10T15:59:47.6793433+08:00","Spend","6","1791619229133","30","ok","14.547"
"2026-10-10T15:59:48.4544048+08:00","Spend","6","1791619229133","57","ok","15.234"
"2026-10-10T15:59:49.2411824+08:00","Spend","6","1791619229133","22","ok","15.859"
"2026-10-10T15:59:50.0297866+08:00","Spend","6","1791619229133","0","ok","16.609"
"2026-10-10T15:59:50.8078069+08:00","Spend","6","1791619229133","37","ok","17.297"
"2026-10-10T15:59:51.5884137+08:00","Spend","6","1791619229133","10","ok","17.922"
"2026-10-10T15:59:52.3666254+08:00","Spend","6","1791619229133","24","ok","18.547"
"2026-10-10T15:59:53.1485088+08:00","Spend","6","1791619229133","19","ok","19.117"
"2026-10-10T15:59:53.9381086+08:00","Spend","6","1791619229133","10","ok","19.117"
"2026-10-10T15:59:54.7224965+08:00","Spend","6","1791619229133","11","ok","18.914"
"2026-10-10T15:59:55.5129799+08:00","Spend","6","1791619229133","17","ok","19.648"
"2026-10-10T15:59:56.2955182+08:00","Spend","6","1791619229133","7","ok","20.336"
"2026-10-10T15:59:57.0790757+08:00","Spend","6","1791619229133","10","ok","21.047"
"2026-10-10T15:59:57.8627307+08:00","Spend","6","1791619229133","2","ok","21.734"
"2026-10-10T15:59:58.6394673+08:00","Spend","6","1791619229133","15","ok","22.359"
"2026-10-10T15:59:59.4314531+08:00","Spend","6","1791619229133","18","ok","23.109"
"2026-10-10T16:00:00.2124620+08:00","Spend","6","1791619229133","0","ok","23.797"
"2026-10-10T16:00:00.9955015+08:00","Spend","6","1791619229133","23","ok","24.5"
"2026-10-10T16:00:01.7838922+08:00","Spend","6","1791619229133","13","ok","25.188"
"2026-10-10T16:00:02.5638853+08:00","Spend","6","1791619229133","15","ok","25.875"
"2026-10-10T16:00:03.3293614+08:00","Spend","6","1791619229133","23","ok","26.562"
"2026-10-10T16:00:04.0947973+08:00","Spend","6","1791619229133","4","ok","27.188"
"2026-10-10T16:00:04.8798063+08:00","Spend","6","1791619229133","29","ok","27.938"
"2026-10-10T16:00:05.6476705+08:00","Spend","6","1791619229133","23","ok","29.457"
"2026-10-10T16:00:06.4297046+08:00","Spend","6","1791619229133","3","ok","30.211"
"2026-10-10T16:00:07.2007791+08:00","Spend","6","1791619229133","0","ok","30.898"
"2026-10-10T16:00:07.9936659+08:00","Spend","6","1791619229133","28","ok","31.555"
"2026-10-10T16:00:08.7715797+08:00","Spend","6","1791619229133","18","ok","32.305"
"2026-10-10T16:00:09.5420786+08:00","Spend","6","1791619229133","17","ok","32.992"
"2026-10-10T16:00:10.3297114+08:00","Spend","6","1791619229133","9","ok","33.742"
"2026-10-10T16:00:11.1110011+08:00","Spend","6","1791619229133","3","ok","34.391"
"2026-10-10T16:00:11.8959044+08:00","Spend","6","1791619229133","23","ok","35.121"
"2026-10-10T16:00:12.6838640+08:00","Spend","6","1791619229133","31","ok","35.809"
"2026-10-10T16:00:13.4663555+08:00","Spend","6","1791619229133","50","ok","36.559"
"2026-10-10T16:00:14.2462151+08:00","Spend","6","1791619229133","7","ok","36.559"
"2026-10-10T16:00:15.0455899+08:00","Spend","6","1791619229133","25","ok","37.945"
"2026-10-10T16:00:15.8303145+08:00","Spend","6","1791619229133","13","ok","38.68"
"2026-10-10T16:00:16.6135189+08:00","Spend","6","1791619229133","10","ok","39.367"
"2026-10-10T16:00:17.3951938+08:00","Spend","6","1791619229133","12","ok","40.105"
"2026-10-10T16:00:18.1960997+08:00","Spend","6","1791619229133","20","ok","40.855"
"2026-10-10T16:00:18.9961572+08:00","Spend","6","1791619229133","18","ok","41.605"
"2026-10-10T16:00:19.7809821+08:00","Spend","6","1791619229133","5","ok","42.293"
"2026-10-10T16:00:20.5636745+08:00","Spend","6","1791619229133","12","ok","42.668"
"2026-10-10T16:00:21.3460066+08:00","Spend","6","1791619229133","15","ok","44.305"
"2026-10-10T16:00:22.1298052+08:00","Spend","6","1791619229133","23","ok","45.43"
"2026-10-10T16:00:22.9172457+08:00","Spend","6","1791619229133","20","ok","46.473"
"2026-10-10T16:00:23.6956488+08:00","Spend","6","1791619229133","11","ok","47.535"
"2026-10-10T16:00:24.4793826+08:00","Spend","6","1791619229133","19","ok","48.598"
"2026-10-10T16:00:25.2454541+08:00","Spend","6","1791619229133","43","ok","49.609"
"2026-10-10T16:00:26.0300827+08:00","Spend","6","1791619229133","0","ok","50.523"
"2026-10-10T16:00:26.8172395+08:00","Spend","6","1791619229133","3","ok","51.484"
"2026-10-10T16:00:27.5945390+08:00","Spend","6","1791619229133","21","ok","52.484"
"2026-10-10T16:00:28.3801353+08:00","Spend","6","1791619229133","13","ok","53.547"
"2026-10-10T16:00:29.1544049+08:00","Spend","6","1791619229133","11","ok","62.258"
"2026-10-10T16:00:29.9473048+08:00","Spend","6","1791619229133","20","ok","83.652"
"2026-10-10T16:00:30.7297618+08:00","Spend","6","1791619229133","12","ok","100.695"
"2026-10-10T16:00:31.4982366+08:00","Spend","6","1791619229133","6","ok","100.695"
"2026-10-10T16:00:32.2797335+08:00","Spend","6","1791619229133","10","ok","100.703"
"2026-10-10T16:00:33.0556453+08:00","Spend","6","1791619229133","4","ok","100.703"
"2026-10-10T16:00:33.8401125+08:00","Spend","6","1791619229133","15","ok","100.703"
"2026-10-10T16:00:34.6208614+08:00","Spend","6","1791619229133","16","ok","76.141"
"2026-10-10T16:00:35.4075532+08:00","Spend","6","1791619229133","49","ok","76.055"
"2026-10-10T16:00:36.1894216+08:00","Spend","6","1791619229133","21","ok","76.113"
"2026-10-10T16:00:36.9708492+08:00","Spend","6","1791619229133","12","ok","76.715"
"2026-10-10T16:00:37.7629702+08:00","Spend","6","1791619229133","27","ok","69.094"
"2026-10-10T16:00:38.5537896+08:00","Spend","6","1791619229133","18","ok","84.344"
"2026-10-10T16:00:39.3418419+08:00","Spend","6","1791619229133","49","ok","101.379"
"2026-10-10T16:00:40.1235117+08:00","Spend","6","1791619229133","15","ok","101.379"
"2026-10-10T16:00:40.9010211+08:00","Spend","6","1791619229133","6","ok","101.379"
"2026-10-10T16:00:41.6851921+08:00","Spend","6","1791619229133","27","ok","101.379"
"2026-10-10T16:00:42.4673586+08:00","Spend","6","1791619229133","2","ok","76.785"
"2026-10-10T16:00:43.2505803+08:00","Spend","6","1791619229133","15","ok","75.039"
"2026-10-10T16:00:44.0410079+08:00","Spend","6","1791619229133","0","ok","76.699"
"2026-10-10T16:00:44.8063755+08:00","Spend","6","1791619229133","0","ok","77.266"
"2026-10-10T16:00:45.5810649+08:00","Spend","6","1791619229133","6","ok","84.684"
"2026-10-10T16:00:46.3613192+08:00","Spend","6","1791619229133","29","ok","101.363"
"2026-10-10T16:00:47.1489584+08:00","Spend","6","1791619229133","12","ok","101.363"
"2026-10-10T16:00:47.9133861+08:00","Spend","6","1791619229133","40","ok","101.363"
"2026-10-10T16:00:48.7003910+08:00","Spend","6","1791619229133","24","ok","101.363"
"2026-10-10T16:00:49.4759937+08:00","Spend","6","1791619229133","19","ok","76.723"
"2026-10-10T16:00:50.2578073+08:00","Spend","6","1791619229133","7","ok","76.652"
"2026-10-10T16:00:51.0224009+08:00","Spend","6","1791619229133","1","ok","76.688"
"2026-10-10T16:00:51.8027629+08:00","Spend","6","1791619229133","14","ok","77.277"
"2026-10-10T16:00:52.5838758+08:00","Spend","6","1791619229133","17","ok","84.879"
"2026-10-10T16:00:53.3587807+08:00","Spend","6","1791619229133","23","ok","101.523"
"2026-10-10T16:00:54.1463249+08:00","Spend","6","1791619229133","12","ok","101.523"
"2026-10-10T16:00:54.9339108+08:00","Spend","6","1791619229133","4","ok","101.523"
"2026-10-10T16:00:55.7275516+08:00","Spend","6","1791619229133","23","ok","101.523"
"2026-10-10T16:00:56.5052367+08:00","Spend","6","1791619229133","7","ok","76.906"
"2026-10-10T16:00:57.2816245+08:00","Spend","6","1791619229133","4","ok","76.809"
"2026-10-10T16:00:58.0631449+08:00","Spend","6","1791619229133","9","ok","76.836"
"2026-10-10T16:00:58.8553886+08:00","Spend","6","1791619229133","14","ok","77.43"
"2026-10-10T16:00:59.6375331+08:00","Spend","6","1791619229133","23","ok","84.66"
"2026-10-10T16:01:00.4303628+08:00","Spend","6","1791619229133","21","ok","101.383"
"2026-10-10T16:01:01.2044357+08:00","Spend","6","1791619229133","11","ok","101.383"
"2026-10-10T16:01:01.9959188+08:00","Spend","6","1791619229133","10","ok","101.383"
"2026-10-10T16:01:02.7740635+08:00","Spend","6","1791619229133","0","ok","101.383"
"2026-10-10T16:01:03.5438299+08:00","Spend","6","1791619229133","12","ok","76.73"
"2026-10-10T16:01:04.3209543+08:00","Spend","6","1791619229133","0","ok","76.637"
"2026-10-10T16:01:05.1164093+08:00","Spend","6","1791619229133","27","ok","76.68"
"2026-10-10T16:01:05.8843585+08:00","Spend","6","1791619229133","2","ok","77.273"
"2026-10-10T16:01:06.6825015+08:00","Spend","6","1791619229133","0","ok","0"
